"","cluster","mlb_name"
"1",1,"Asdrubal Cabrera"
"2",1,"Nomar Mazara"
"3",1,"Hunter Pence"
"4",1,"Joey Gallo"
"5",1,"Elvis Andrus"
"6",1,"Corey Dickerson"
"7",1,"Pablo Reyes"
"8",1,"Miguel Rojas"
"9",1,"Willy Adames"
"10",1,"Jorge Alfaro"
"11",1,"Joey Wendle"
"12",1,"Martin Prado"
"13",1,"Cesar Hernandez"
"14",1,"Odubel Herrera"
"15",1,"Yandy Diaz"
"16",1,"George Springer"
"17",1,"J.T. Realmuto"
"18",1,"Garrett Cooper"
"19",1,"Billy Hamilton"
"20",1,"Rhys Hoskins"
"21",1,"Jake Marisnick"
"22",1,"Martin Maldonado"
"23",1,"Hunter Dozier"
"24",1,"Justin Turner"
"25",1,"Jean Segura"
"26",1,"Brock Stewart"
"27",1,"Aledmys Diaz"
"28",1,"Robinson Chirinos"
"29",1,"Andrew McCutchen"
"30",1,"Joc Pederson"
"31",1,"Kevin Pillar"
"32",1,"Tyler White"
"33",1,"Chris Owings"
"34",1,"Lourdes Gurriel Jr."
"35",1,"Justin Smoak"
"36",1,"Frank Schwindel"
"37",1,"Jorge Soler"
"38",1,"Alex Gordon"
"39",1,"Chris Taylor"
"40",1,"Yuli Gurriel"
"41",1,"Austin Barnes"
"42",1,"Michael Brantley"
"43",1,"Enrique Hernandez"
"44",1,"Adalberto Mondesi"
"45",1,"Alex Bregman"
"46",1,"Cody Bellinger"
"47",1,"Whit Merrifield"
"48",1,"A.J. Pollock"
"49",1,"Max Muncy"
"50",1,"Jose Altuve"
"51",1,"Brandon Nimmo"
"52",1,"Mike Zunino"
"53",1,"Jesus Sucre"
"54",1,"Dominic Smith"
"55",1,"Mike Moustakas"
"56",1,"Kevin Kiermaier"
"57",1,"Chris Davis"
"58",1,"Rougned Odor"
"59",1,"Joey Rickard"
"60",1,"Juan Lagares"
"61",1,"Christian Vazquez"
"62",1,"Jesus Aguilar"
"63",1,"Corey Seager"
"64",1,"Jackie Bradley Jr."
"65",1,"Travis Shaw"
"66",1,"Ian Kinsler"
"67",1,"Alex Verdugo"
"68",1,"Eduardo Nunez"
"69",1,"Franchy Cordero"
"70",1,"Austin Hedges"
"71",1,"Amed Rosario"
"72",1,"Rio Ruiz"
"73",1,"Jeff McNeil"
"74",1,"David Peralta"
"75",1,"Tommy La Stella"
"76",1,"Mitch Moreland"
"77",1,"Josh Harrison"
"78",1,"Jason Heyward"
"79",1,"Wilson Ramos"
"80",1,"Ben Zobrist"
"81",1,"Zack Cozart"
"82",1,"Albert Pujols"
"83",1,"Xander Bogaerts"
"84",1,"Wilmer Flores"
"85",1,"Michael Conforto"
"86",1,"Eduardo Escobar"
"87",1,"Manuel Margot"
"88",1,"Adam Jones"
"89",1,"Fernando Tatis Jr."
"90",1,"J.D. Martinez"
"91",1,"Mikie Mahtook"
"92",1,"Matt Koch"
"93",1,"Andrelton Simmons"
"94",1,"Brandon Lowe"
"95",1,"David Bote"
"96",1,"Rafael Devers"
"97",1,"Eric Hosmer"
"98",1,"Mookie Betts"
"99",1,"Ji-Man Choi"
"100",1,"Jordy Mercer"
"101",1,"Byron Buxton"
"102",1,"Delino DeShields"
"103",1,"Jason Castro"
"104",1,"Tommy Pham"
"105",1,"Austin Meadows"
"106",1,"Jeff Mathis"
"107",1,"Jonathan Schoop"
"108",1,"John Ryan Murphy"
"109",1,"Franmil Reyes"
"110",1,"Manny Machado"
"111",1,"Ronald Guzman"
"112",1,"Nick Ahmed"
"113",1,"Marwin Gonzalez"
"114",1,"Robinson Cano"
"115",1,"Ketel Marte"
"116",1,"C.J. Cron"
"117",1,"Wil Myers"
"118",1,"Eddie Rosario"
"119",1,"Pete Alonso"
"120",1,"Grayson Greiner"
"121",1,"Christian Walker"
"122",1,"Nelson Cruz"
"123",1,"Christin Stewart"
"124",1,"Willson Contreras"
"125",1,"Evan Longoria"
"126",1,"Andrew Benintendi"
"127",1,"Niko Goodrum"
"128",1,"Brandon Belt"
"129",1,"Javier Baez"
"130",1,"Steven Duggar"
"131",1,"Jeimer Candelario"
"132",1,"Eric Lauer"
"133",1,"Jacob deGrom"
"134",1,"Madison Bumgarner"
"135",1,"Miguel Cabrera"
"136",1,"Jorge Polanco"
"137",1,"Nicholas Castellanos"
"138",1,"Joe Panik"
"139",1,"Michael Reed"
"140",1,"Max Kepler"
"141",1,"Connor Joe"
"142",1,"Zack Greinke"
"143",1,"Brandon Crawford"
"144",1,"Buster Posey"
"145",1,"Marcell Ozuna"
"146",1,"Paul DeJong"
"147",1,"Jarrod Dyson"
"148",1,"Matt Carpenter"
"149",1,"Tyler O'Neill"
"150",1,"Alex Avila"
"151",1,"Harrison Bader"
"152",1,"Kolten Wong"
"153",1,"Dexter Fowler"
"154",1,"Yadier Molina"
"155",1,"Neil Walker"
"156",1,"Brian Anderson"
"157",1,"Paul Goldschmidt"
"158",1,"Tony Kemp"
"159",1,"Jose Martinez"
"160",1,"Josh Reddick"
"161",1,"Lewis Brinson"
"162",1,"Justin Bour"
"163",1,"Teoscar Hernandez"
"164",1,"Randal Grichuk"
"165",1,"Brandon Drury"
"166",1,"JT Riddle"
"167",1,"Luke Maile"
"168",1,"Jay Bruce"
"169",1,"Freddy Galvis"
"170",1,"Domingo Santana"
"171",1,"Mitch Haniger"
"172",1,"Mallex Smith"
"173",1,"Dee Gordon"
"174",1,"Ryon Healy"
"175",1,"Omar Narvaez"
"176",1,"Tim Beckham"
"177",1,"Edwin Encarnacion"
"178",1,"Mike Trout"
"179",1,"Max Stassi"
"180",1,"Kole Calhoun"
"181",1,"Brian Goodwin"
"182",1,"Jonathan Lucroy"
"183",1,"J.D. Davis"
"184",1,"Nick Williams"
"185",1,"Maikel Franco"
"186",1,"Jonathan Villar"
"187",1,"Richie Martin"
"188",1,"Christian Yelich"
"189",1,"Lorenzo Cain"
"190",1,"Manny Pina"
"191",1,"Cedric Mullins"
"192",1,"Starlin Castro"
"193",1,"Yangervis Solarte"
"194",1,"Rosell Herrera"
"195",1,"Orlando Arcia"
"196",1,"Ben Gamel"
"197",1,"Roberto Perez"
"198",1,"Renato Nunez"
"199",1,"Eric Thames"
"200",1,"Trey Mancini"
"201",1,"Greg Allen"
"202",1,"Hanley Ramirez"
"203",1,"Dwight Smith Jr."
"204",1,"Yasmani Grandal"
"205",1,"Carlos Santana"
"206",1,"Tyler Naquin"
"207",1,"Adam Eaton"
"208",1,"Victor Robles"
"209",1,"Ender Inciarte"
"210",1,"Ryan O'Hearn"
"211",1,"Jake Noll"
"212",1,"Jose Ramirez"
"213",1,"Michael Perez"
"214",1,"Leonys Martin"
"215",1,"Avisail Garcia"
"216",1,"Max Moroff"
"217",1,"Dylan Moore"
"218",1,"Francisco Mejia"
"219",1,"Brad Miller"
"220",1,"Tom Murphy"
"221",1,"Hunter Renfroe"
"222",1,"Pablo Lopez"
"223",1,"Chad Wallach"
"224",1,"Curtis Granderson"
"225",1,"Jake Bauers"
"226",1,"Shin-Soo Choo"
"227",1,"Isiah Kiner-Falefa"
"228",1,"Nick Margevicius"
"229",1,"Trea Turner"
"230",1,"Ildemaro Vargas"
"231",1,"Danny Jansen"
"232",1,"Daniel Descalso"
"233",1,"Kyle Schwarber"
"234",1,"Anthony Rizzo"
"235",1,"Logan Forsythe"
"236",1,"Bryce Harper"
"237",1,"Matt Adams"
"238",1,"Lucas Duda"
"239",1,"Brian Dozier"
"240",1,"John Hicks"
"241",1,"Derek Dietrich"
"242",1,"Jesse Winker"
"243",1,"Andrew Knapp"
"244",1,"Tucker Barnhart"
"245",1,"Kris Bryant"
"246",1,"Jose Peraza"
"247",1,"Matt Kemp"
"248",1,"Eugenio Suarez"
"249",1,"Greg Garcia"
"250",1,"Victor Caratini"
"251",1,"Hernan Perez"
"252",1,"Albert Almora Jr."
"253",1,"Ryan Braun"
"254",1,"David Freese"
"255",1,"Russell Martin"
"256",1,"Trevor Williams"
"257",1,"Guillermo Heredia"
"258",1,"Erik Gonzalez"
"259",1,"Melky Cabrera"
"260",1,"Sam Travis"
"261",1,"Jung Ho Kang"
"262",1,"Francisco Cervelli"
"263",1,"Corbin Burnes"
"264",1,"Daniel Robertson"
"265",1,"Josh Bell"
"266",1,"Starling Marte"
"267",1,"Adam Frazier"
"268",1,"Walker Buehler"
"269",1,"Matt Wieters"
"270",1,"JB Shuck"
"271",1,"Trevor Story"
"272",1,"Nolan Arenado"
"273",1,"David Dahl"
"274",1,"Charlie Blackmon"
"275",1,"Brett Gardner"
"276",1,"Jake Lamb"
"277",1,"Troy Tulowitzki"
"278",1,"Garrett Hampson"
"279",1,"Yasiel Puig"
"280",1,"Joey Votto"
"281",1,"Mike Tauchman"
"282",1,"Mark Reynolds"
"283",1,"Scott Schebler"
"284",1,"Chris Iannetta"
"285",1,"DJ LeMahieu"
"286",1,"Gleyber Torres"
"287",1,"Ian Desmond"
"288",1,"Gary Sanchez"
"289",1,"Greg Bird"
"290",1,"Ryan McMahon"
"291",1,"Luke Voit"
"292",1,"Aaron Judge"
"293",1,"Jose Iglesias"
"294",1,"Zach Davies"
"295",1,"Tanner Roark"
"296",1,"Peter O'Brien"
"297",1,"Christian Arroyo"
"298",1,"Pablo Sandoval"
"299",1,"Gerardo Parra"
"300",1,"Clint Frazier"
"301",1,"Anthony Rendon"
"302",1,"Juan Soto"
"303",1,"Wilmer Difo"
"304",1,"Carlos Correa"
"305",1,"Jhoulys Chacin"
"306",1,"Peter Bourjos"
"307",1,"David Fletcher"
"308",1,"Brock Holt"
"309",1,"Kevan Smith"
"310",1,"Zach Eflin"
"311",1,"Hanser Alberto"
"312",1,"Hyun-Jin Ryu"
"313",1,"Freddie Freeman"
"314",1,"Tyler Wade"
"315",1,"Stephen Piscotty"
"316",1,"Dansby Swanson"
"317",1,"Matt Chapman"
"318",1,"Tyler Flowers"
"319",1,"Robbie Grossman"
"320",1,"Johan Camargo"
"321",1,"Nick Markakis"
"322",1,"Nick Hundley"
"323",1,"Ramon Laureano"
"324",1,"Pedro Severino"
"325",1,"Marcus Semien"
"326",1,"Jurickson Profar"
"327",1,"Jameson Taillon"
"328",1,"Ronald Acuna Jr."
"329",1,"Josh Donaldson"
"330",1,"Kendrys Morales"
"331",1,"Ozzie Albies"
"332",1,"Khris Davis"
"333",1,"Blake Swihart"
"334",1,"Jose Abreu"
"335",1,"Yoan Moncada"
"336",1,"Leury Garcia"
"337",1,"Julio Teheran"
"338",1,"Yolmer Sanchez"
"339",1,"Gordon Beckham"
"340",1,"Tony Wolters"
"341",1,"James McCann"
"342",1,"Jose Rondon"
"343",1,"Daniel Palka"
"344",1,"Raimel Tapia"
"345",1,"Eloy Jimenez"
"346",1,"Yonder Alonso"
"347",1,"Aaron Nola"
"348",1,"Mark Zagunis"
"349",1,"Shane Carle"
"350",1,"Brian McCann"
"351",1,"Kevin Newman"
"352",1,"Yan Gomes"
"353",1,"Ryan Zimmerman"
"354",1,"Max Fried"
"355",1,"Josh Phegley"
"356",1,"Mark Canha"
"357",1,"Chad Pinder"
"358",1,"Jon Lester"
"359",1,"Daniel Vogelbach"
"360",1,"Joe Musgrove"
"361",1,"Colin Moran"
"362",1,"Tyler Glasnow"
"363",1,"Kenta Maeda"
"364",1,"Sonny Gray"
"365",1,"Carson Kelly"
"366",1,"Aaron Altherr"
"367",1,"Willians Astudillo"
"368",1,"Howie Kendrick"
"369",1,"Steve Pearce"
"370",1,"Jason Martin"
"371",1,"Chris Paddack"
"372",1,"David Price"
"373",1,"Jacob Stallings"
"374",1,"Jeff Samardzija"
"375",1,"Keon Broxton"
"376",1,"Dennis Santana"
"377",1,"Luis Guillorme"
"378",1,"Ryan Cordell"
"379",1,"Diego Castillo"
"380",1,"Welington Castillo"
"381",1,"Tim Anderson"
"382",1,"Adam Engel"
"383",1,"Kevin Plawecki"
"384",1,"Chris Archer"
"385",1,"Eric Stamets"
"386",1,"Cam Gallagher"
"387",1,"Julio Urias"
"388",1,"Zack Wheeler"
"389",1,"Kyle Hendricks"
"390",1,"Pat Valaika"
"391",1,"Gio Urshela"
"392",1,"Josh Fuentes"
"393",1,"Scott Kingery"
"394",1,"Tyler Austin"
"395",1,"Luis Urias"
"396",1,"Brad Brach"
"397",1,"Steven Brault"
"398",1,"Vince Velasquez"
"399",1,"Miles Mikolas"
"400",1,"Sean Doolittle"
"401",1,"Yonathan Daza"
"402",1,"Wander Suero"
"403",1,"Michael A. Taylor"
"404",1,"Robbie Ray"
"405",1,"Austin Romine"
"406",1,"Noah Syndergaard"
"407",1,"Tim Locastro"
"408",1,"Jordan Lyles"
"409",1,"Socrates Brito"
"410",1,"Billy McKinney"
"411",1,"Jose Quintana"
"412",1,"Rocky Gale"
"413",1,"Rowdy Tellez"
"414",1,"Erik Kratz"
"415",1,"Dereck Rodriguez"
"416",1,"Jon Gray"
"417",1,"German Marquez"
"418",1,"Patrick Wisdom"
"419",1,"Taylor Ward"
"420",1,"Alen Hanson"
"421",1,"Richard Urena"
"422",1,"Drew Pomeranz"
"423",1,"Tyler Skaggs"
"424",1,"JaCoby Jones"
"425",1,"Kyle Higashioka"
"426",1,"Adam Wainwright"
"427",1,"Kyle Freeland"
"428",1,"Austin Dean"
"429",1,"Felipe Vazquez"
"430",1,"Caleb Joseph"
"431",1,"Phillip Ervin"
"432",1,"Charlie Culberson"
"433",1,"Jedd Gyorko"
"434",1,"Ross Stripling"
"435",1,"Jake Cave"
"436",1,"Curt Casali"
"437",1,"Clayton Kershaw"
"438",1,"Trevor Richards"
"439",1,"Isaac Galloway"
"440",1,"Ryan Helsley"
"441",1,"Stephen Strasburg"
"442",1,"Kurt Suzuki"
"443",1,"Aaron Wilkerson"
"444",1,"Eric Sogard"
"445",1,"Sandy Alcantara"
"446",1,"Michael Lorenzen"
"447",1,"Matt Joyce"
"448",1,"Mike Soroka"
"449",1,"Phil Gosselin"
"450",1,"Juan Nicasio"
"451",1,"Dustin Peterson"
"452",1,"Danny Santana"
"453",1,"Terrance Gore"
"454",1,"Tzu-Wei Lin"
"455",1,"Caleb Smith"
"456",1,"Carlos Gonzalez"
"457",1,"Francisco Lindor"
"458",1,"Jason Kipnis"
"459",1,"Mike Freeman"
"460",1,"Michael Chavis"
"461",1,"Mitch Walding"
"462",1,"Roman Quinn"
"463",1,"Jose Pirela"
"464",1,"Luis Castillo"
"465",1,"Jose Urena"
"466",1,"Kyle Farmer"
"467",1,"Sandy Leon"
"468",1,"Chase Anderson"
"469",1,"Cole Tucker"
"470",1,"Bryan Reynolds"
"471",1,"Trevor Cahill"
"472",1,"Gregory Polanco"
"473",1,"Stevie Wilkerson"
"474",1,"Jeremy Hellickson"
"475",1,"Zack Godley"
"476",1,"Ronny Rodriguez"
"477",1,"Mitch Garver"
"478",1,"Mike Ford"
"479",1,"Kevin Gausman"
"480",1,"Thairo Estrada"
"481",1,"Daniel Ponce de Leon"
"482",1,"Elias Diaz"
"483",1,"Jon Berti"
"484",1,"Ehire Adrianza"
"485",1,"Brandon Dixon"
"486",1,"Daniel Murphy"
"487",1,"Luis Rengifo"
"488",1,"Vladimir Guerrero Jr."
"489",1,"Matt Andriese"
"490",1,"Cameron Maybin"
"491",1,"Drew Butera"
"492",1,"Corey Oswalt"
"493",1,"James Paxton"
"494",1,"Todd Frazier"
"495",1,"Matt Strahm"
"496",1,"Ty France"
"497",1,"Taylor Davis"
"498",1,"Yu Darvish"
"499",1,"Kelvin Gutierrez"
"500",1,"Carter Kieboom"
"501",1,"Austin Wynns"
"502",1,"Jordan Luplow"
"503",1,"Domingo German"
"504",1,"Jack Flaherty"
"505",1,"Joey Lucchesi"
"506",1,"Patrick Corbin"
"507",1,"Junior Guerra"
"508",1,"Braden Bishop"
"509",1,"Nicky Delmonico"
"510",1,"Yairo Munoz"
"511",1,"Stephen Vogt"
"512",1,"Mike Gerber"
"513",1,"Nick Senzel"
"514",1,"Nick Vincent"
"515",1,"Brett Anderson"
"516",1,"Tyler Beede"
"517",1,"Miguel Andujar"
"518",1,"Michael Wacha"
"519",1,"Tomas Nido"
"520",1,"Adeiny Hechavarria"
"521",1,"Jason Vargas"
"522",1,"Alex Dickerson"
"523",1,"Anthony DeSclafani"
"524",1,"Mac Williamson"
"525",1,"Antonio Senzatela"
"526",1,"Josh Tomlin"
"527",1,"Adrian Sampson"
"528",1,"Josh VanMeter"
"529",1,"Matt Olson"
"530",1,"Charlie Tilson"
"531",1,"Nick Kingham"
"532",1,"Donovan Solano"
"533",1,"Aramis Garcia"
"534",1,"Chad Bettis"
"535",1,"Nick Ciuffo"
"536",1,"J.P. Crawford"
"537",1,"Jonathan Davis"
"538",1,"Harold Castro"
"539",1,"Burch Smith"
"540",1,"Shed Long"
"541",1,"Travis d'Arnaud"
"542",1,"Cole Hamels"
"543",1,"Austin Allen"
"544",1,"Tyler Mahle"
"545",1,"Dakota Hudson"
"546",1,"Sean Rodriguez"
"547",1,"Wes Parsons"
"548",1,"Oscar Mercado"
"549",1,"Harold Ramirez"
"550",1,"Luke Weaver"
"551",1,"Nicky Lopez"
"552",1,"Shohei Ohtani"
"553",1,"Keston Hiura"
"554",1,"Aaron Hicks"
"555",1,"Jared Walsh"
"556",1,"Shaun Anderson"
"557",1,"Addison Russell"
"558",1,"Austin Riley"
"559",1,"Dawel Lugo"
"560",1,"Jake Elmore"
"561",1,"Francisco Liriano"
"562",1,"Jacob Nottingham"
"563",1,"Max Scherzer"
"564",1,"Miguel Sano"
"565",1,"Adrian Sanchez"
"566",1,"T.J. McFarland"
"567",1,"Robbie Erlin"
"568",1,"Jerad Eickhoff"
"569",1,"Cal Quantrill"
"570",1,"Jake Arrieta"
"571",1,"Carlos Gomez"
"572",1,"Brandon Woodruff"
"573",1,"Gio Gonzalez"
"574",1,"Brendan Rodgers"
"575",1,"Cole Irvin"
"576",1,"Brad Keller"
"577",1,"Jimmie Sherfy"
"578",1,"Eric Haase"
"579",1,"Seby Zavala"
"580",1,"Matt Beaty"
"581",1,"Cavan Biggio"
"582",1,"Kyle Seager"
"583",1,"Andrew Cashner"
"584",1,"Kevin Cron"
"585",1,"Josh Naylor"
"586",1,"Luis Arraez"
"587",1,"Derek Fisher"
"588",1,"Mike Yastrzemski"
"589",1,"Wei-Yin Chen"
"590",1,"Jose Osuna"
"591",1,"Dustin Garneau"
"592",1,"Jack Mayfield"
"593",1,"Mitch Keller"
"594",1,"DJ Stewart"
"595",1,"Garrett Stubbs"
"596",1,"Steven Matz"
"597",1,"Cesar Puello"
"598",1,"Kyle McGowin"
"599",1,"Anibal Sanchez"
"600",1,"Touki Toussaint"
"601",1,"Cheslor Cuthbert"
"602",1,"Jim Adduci"
"603",1,"Myles Straw"
"604",1,"Erick Fedde"
"605",1,"Andrew Knizner"
"606",1,"Nick Pivetta"
"607",1,"Taylor Clarke"
"608",1,"Chance Sisco"
"609",1,"Dylan Covey"
"610",1,"Wilfredo Tovar"
"611",1,"Miguel Diaz"
"612",1,"Tommy Edman"
"613",1,"Didi Gregorius"
"614",1,"Bryan Holaday"
"615",1,"Anthony Santander"
"616",1,"Kyle Garlick"
"617",1,"Marco Hernandez"
"618",1,"Beau Taylor"
"619",1,"Yordan Alvarez"
"620",1,"Yadiel Rivera"
"621",1,"Adrian Houser"
"622",1,"Mike Minor"
"623",1,"Jimmy Nelson"
"624",1,"Tim Federowicz"
"625",1,"Ariel Jurado"
"626",1,"Justin Upton"
"627",1,"Willie Calhoun"
"628",1,"Ivan Nova"
"629",1,"Giancarlo Stanton"
"630",1,"Jorge Bonifacio"
"631",1,"Lucas Giolito"
"632",1,"Humberto Arteaga"
"633",1,"JT Chargois"
"634",1,"Tyler Chatwood"
"635",1,"Walker Lockett"
"636",1,"Zack Collins"
"637",1,"Griffin Canning"
"638",1,"Wilkin Castillo"
"639",1,"Peter Lambert"
"640",1,"Mike Foltynewicz"
"641",1,"Austin Voth"
"642",1,"Jon Jay"
"643",1,"Tanner Anderson"
"644",1,"Bobby Wilson"
"645",1,"Domingo Leyba"
"646",1,"Chi Chi Gonzalez"
"647",1,"Marco Gonzales"
"648",1,"Freddy Peralta"
"649",1,"Dallas Keuchel"
"650",1,"Mike Leake"
"651",1,"Bryse Wilson"
"652",1,"Austin Nola"
"653",1,"Kyle Ryan"
"654",1,"Victor Reyes"
"655",1,"Scooter Gennett"
"656",1,"Mike Montgomery"
"657",1,"Brad Wieck"
"658",1,"Edwin Rios"
"659",1,"Austin Slater"
"660",1,"Tyler Saladino"
"661",1,"Franklin Barreto"
"662",1,"Chris Herrmann"
"663",1,NA
"664",1,NA
"665",1,"Jarrett Parker"
"666",1,"Nate Lowe"
"667",1,"Dinelson Lamet"
"668",1,"Elieser Hernandez"
"669",1,"Josh Hader"
"670",1,"Michael Brosseau"
"671",1,"Glenn Sparkman"
"672",1,"LaMonte Wade Jr"
"673",1,"Bobby Bradley"
"674",1,"Breyvic Valera"
"675",2,"Andrew McCutchen"
"676",2,"Scott Kingery"
"677",2,"Maikel Franco"
"678",2,"Edwin Encarnacion"
"679",2,"Domingo Santana"
"680",2,"Mitch Haniger"
"681",2,"Dee Gordon"
"682",2,"David Freitas"
"683",2,"Rafael Devers"
"684",2,"Mookie Betts"
"685",2,"Andrew Benintendi"
"686",2,"Gerardo Parra"
"687",2,"Adam Jones"
"688",2,"David Peralta"
"689",2,"Eduardo Escobar"
"690",2,"Daniel Vogelbach"
"691",2,"Matt Carpenter"
"692",2,"Jack Flaherty"
"693",2,"Harrison Bader"
"694",2,"Kolten Wong"
"695",2,"Dexter Fowler"
"696",2,"Yadier Molina"
"697",2,"Marcell Ozuna"
"698",2,"Paul DeJong"
"699",2,"Paul Goldschmidt"
"700",2,"Asdrubal Cabrera"
"701",2,"Joey Gallo"
"702",2,"Nomar Mazara"
"703",2,"Elvis Andrus"
"704",2,"Rougned Odor"
"705",2,"Shin-Soo Choo"
"706",2,"Delino DeShields"
"707",2,"Isiah Kiner-Falefa"
"708",2,"Ronald Guzman"
"709",2,"Dylan Moore"
"710",2,"Tom Murphy"
"711",2,"Ryon Healy"
"712",2,"Joe Panik"
"713",2,"Tim Beckham"
"714",2,"Pablo Sandoval"
"715",2,"Andrelton Simmons"
"716",2,"Brandon Belt"
"717",2,"Mike Trout"
"718",2,"Buster Posey"
"719",2,"Brandon Crawford"
"720",2,"Zack Cozart"
"721",2,"David Fletcher"
"722",2,"Peter Bourjos"
"723",2,"Kole Calhoun"
"724",2,"Jonathan Lucroy"
"725",2,"Mark Canha"
"726",2,"Marcus Semien"
"727",2,"Jurickson Profar"
"728",2,"Kendrys Morales"
"729",2,"Khris Davis"
"730",2,"Stephen Piscotty"
"731",2,"Matt Chapman"
"732",2,"Robbie Grossman"
"733",2,"Josh Phegley"
"734",2,"Matt Kemp"
"735",2,"Miguel Cabrera"
"736",2,"Nicholas Castellanos"
"737",2,"Jeimer Candelario"
"738",2,"Jordy Mercer"
"739",2,"Grayson Greiner"
"740",2,"Mikie Mahtook"
"741",2,"Ildemaro Vargas"
"742",2,"Wilmer Flores"
"743",2,"Odubel Herrera"
"744",2,"J.T. Realmuto"
"745",2,"Rhys Hoskins"
"746",2,"Bryce Harper"
"747",2,"Nick Hundley"
"748",2,"Ramon Laureano"
"749",2,"Chad Pinder"
"750",2,"Josh Donaldson"
"751",2,"Ender Inciarte"
"752",2,"Johan Camargo"
"753",2,"Dansby Swanson"
"754",2,"Christian Vazquez"
"755",2,"Jackie Bradley Jr."
"756",2,"Eduardo Nunez"
"757",2,"Ozzie Albies"
"758",2,"Nick Markakis"
"759",2,"Ronald Acuna Jr."
"760",2,"Cedric Mullins"
"761",2,"Richie Martin"
"762",2,"Jesus Sucre"
"763",2,"Freddie Freeman"
"764",2,"Chris Davis"
"765",2,"Sean Newcomb"
"766",2,"Renato Nunez"
"767",2,"Rio Ruiz"
"768",2,"Trey Mancini"
"769",2,"Jonathan Villar"
"770",2,"Brian McCann"
"771",2,"Dwight Smith Jr."
"772",2,"Carson Kelly"
"773",2,"John Ryan Murphy"
"774",2,"Nick Ahmed"
"775",2,"Jeff Mathis"
"776",2,"Steven Duggar"
"777",2,"Kevin Pillar"
"778",2,"Evan Longoria"
"779",2,"Tyler O'Neill"
"780",2,"Yasiel Puig"
"781",2,"Blake Swihart"
"782",2,"Curt Casali"
"783",2,"Derek Dietrich"
"784",2,"Scott Schebler"
"785",2,"Brock Holt"
"786",2,"Eugenio Suarez"
"787",2,"Joey Votto"
"788",2,"Jesse Winker"
"789",2,"Luis Castillo"
"790",2,"Jose Iglesias"
"791",2,"John Hicks"
"792",2,"Christin Stewart"
"793",2,"Niko Goodrum"
"794",2,"Josh Harrison"
"795",2,"Gordon Beckham"
"796",2,"Logan Forsythe"
"797",2,"Albert Almora Jr."
"798",2,"Mark Zagunis"
"799",2,"Ben Zobrist"
"800",2,"Kyle Schwarber"
"801",2,"David Bote"
"802",2,"Willson Contreras"
"803",2,"Javier Baez"
"804",2,"Anthony Rizzo"
"805",2,"Kris Bryant"
"806",2,"Yu Darvish"
"807",2,"Christian Walker"
"808",2,"Carlos Correa"
"809",2,"Lorenzo Cain"
"810",2,"Michael Brantley"
"811",2,"Chase Anderson"
"812",2,"Orlando Arcia"
"813",2,"Alex Bregman"
"814",2,"Jose Altuve"
"815",2,"George Springer"
"816",2,"Tucker Barnhart"
"817",2,"Brandon Woodruff"
"818",2,"Yasmani Grandal"
"819",2,"Hernan Perez"
"820",2,"Mike Moustakas"
"821",2,"Jesus Aguilar"
"822",2,"Ryan Braun"
"823",2,"Christian Yelich"
"824",2,"Ryan Cordell"
"825",2,"Eloy Jimenez"
"826",2,"Yonder Alonso"
"827",2,"Charlie Blackmon"
"828",2,"Hunter Pence"
"829",2,"Jake Bauers"
"830",2,"Hanley Ramirez"
"831",2,"Carlos Santana"
"832",2,"Jordan Luplow"
"833",2,"Jose Ramirez"
"834",2,"Greg Allen"
"835",2,"Eric Stamets"
"836",2,"Max Moroff"
"837",2,"Roberto Perez"
"838",2,"Raimel Tapia"
"839",2,"Nolan Arenado"
"840",2,"Trevor Story"
"841",2,"Tony Kemp"
"842",2,"Max Stassi"
"843",2,"Aledmys Diaz"
"844",2,"Ketel Marte"
"845",2,"Josh Reddick"
"846",2,"Travis Shaw"
"847",2,"Zach Davies"
"848",2,"Ben Gamel"
"849",2,"Manny Pina"
"850",2,"Eric Thames"
"851",2,"Adalberto Mondesi"
"852",2,"Whit Merrifield"
"853",2,"Billy Hamilton"
"854",2,"Martin Maldonado"
"855",2,"Chris Owings"
"856",2,"Hunter Dozier"
"857",2,"Ryan O'Hearn"
"858",2,"Jorge Soler"
"859",2,"Alex Gordon"
"860",2,"Brandon Drury"
"861",2,"Teoscar Hernandez"
"862",2,"Freddy Galvis"
"863",2,"Billy McKinney"
"864",2,"Jose Martinez"
"865",2,"Ian Desmond"
"866",2,"Alen Hanson"
"867",2,"Richard Urena"
"868",2,"Lourdes Gurriel Jr."
"869",2,"Danny Jansen"
"870",2,"Yonathan Daza"
"871",2,"Pat Valaika"
"872",2,"Tommy La Stella"
"873",2,"Randal Grichuk"
"874",2,"Tony Wolters"
"875",2,"Garrett Hampson"
"876",2,"Brian Goodwin"
"877",2,"Josh Fuentes"
"878",2,"Albert Pujols"
"879",2,"Justin Bour"
"880",2,"Yuli Gurriel"
"881",2,"German Marquez"
"882",2,"Robinson Chirinos"
"883",2,"Terrance Gore"
"884",2,"Cam Gallagher"
"885",2,"Daniel Descalso"
"886",2,"Hanser Alberto"
"887",2,"Joey Rickard"
"888",2,"Robinson Cano"
"889",2,"Pete Alonso"
"890",2,"Brandon Nimmo"
"891",2,"Pedro Severino"
"892",2,"Erik Gonzalez"
"893",2,"Pablo Reyes"
"894",2,"Melky Cabrera"
"895",2,"Jung Ho Kang"
"896",2,"Josh Bell"
"897",2,"Francisco Cervelli"
"898",2,"Starling Marte"
"899",2,"Adam Frazier"
"900",2,"Joe Musgrove"
"901",2,"Yan Gomes"
"902",2,"Ryan Zimmerman"
"903",2,"Juan Soto"
"904",2,"Anthony Rendon"
"905",2,"Cole Hamels"
"906",2,"Kevin Kiermaier"
"907",2,"Avisail Garcia"
"908",2,"Brandon Lowe"
"909",2,"Chris Stratton"
"910",2,"Ji-Man Choi"
"911",2,"Yandy Diaz"
"912",2,"Austin Meadows"
"913",2,"Michael Perez"
"914",2,"Willy Adames"
"915",2,"Daniel Robertson"
"916",2,"Carlos Gonzalez"
"917",2,"Leonys Martin"
"918",2,"Dakota Hudson"
"919",2,"Drew Robinson"
"920",2,"JaCoby Jones"
"921",2,"Danny Santana"
"922",2,"Max Kepler"
"923",2,"Rosell Herrera"
"924",2,"Lewis Brinson"
"925",2,"Austin Dean"
"926",2,"Mike Freeman"
"927",2,"Isaac Galloway"
"928",2,"Kevin Plawecki"
"929",2,"Martin Prado"
"930",2,"Tyler Naquin"
"931",2,"Jorge Alfaro"
"932",2,"Starlin Castro"
"933",2,"Brian Anderson"
"934",2,"Miguel Rojas"
"935",2,"Neil Walker"
"936",2,"Robbie Ray"
"937",2,"Pablo Lopez"
"938",2,"Marwin Gonzalez"
"939",2,"Kevan Smith"
"940",2,"Mallex Smith"
"941",2,"Tzu-Wei Lin"
"942",2,"Xander Bogaerts"
"943",2,"J.D. Martinez"
"944",2,"Matt Koch"
"945",2,"Caleb Joseph"
"946",2,"Merrill Kelly"
"947",2,"Luke Maile"
"948",2,"Joey Wendle"
"949",2,"Francisco Lindor"
"950",2,"Tommy Pham"
"951",2,"Jason Kipnis"
"952",2,"Justin Smoak"
"953",2,"Patrick Wisdom"
"954",2,"Jose Abreu"
"955",2,"Yoan Moncada"
"956",2,"Leury Garcia"
"957",2,"Mike Tauchman"
"958",2,"Gio Urshela"
"959",2,"Gleyber Torres"
"960",2,"Brett Gardner"
"961",2,"Luke Voit"
"962",2,"DJ LeMahieu"
"963",2,"Tyler Wade"
"964",2,"Thairo Estrada"
"965",2,"Austin Romine"
"966",2,"Max Muncy"
"967",2,"Austin Barnes"
"968",2,"Chris Taylor"
"969",2,"Cody Bellinger"
"970",2,"A.J. Pollock"
"971",2,"Corey Seager"
"972",2,"David Freese"
"973",2,"Justin Turner"
"974",2,"Enrique Hernandez"
"975",2,"Kenta Maeda"
"976",2,"Dustin Peterson"
"977",2,"Ronny Rodriguez"
"978",2,"Brandon Dixon"
"979",2,"C.J. Cron"
"980",2,"Eddie Rosario"
"981",2,"Nelson Cruz"
"982",2,"Jorge Polanco"
"983",2,"Jarrod Dyson"
"984",2,"Gary Sanchez"
"985",2,"Jason Heyward"
"986",2,"Phillip Ervin"
"987",2,"Rowdy Tellez"
"988",2,"Eric Sogard"
"989",2,"David Dahl"
"990",2,"Daniel Murphy"
"991",2,"Antonio Senzatela"
"992",2,"Drew Butera"
"993",2,"Ryan McMahon"
"994",2,"Guillermo Heredia"
"995",2,"Kelvin Gutierrez"
"996",2,"Gregory Polanco"
"997",2,"Cole Tucker"
"998",2,"Russell Martin"
"999",2,"Mark Reynolds"
"1000",2,"Jeff McNeil"
"1001",2,"Steven Matz"
"1002",2,"Keon Broxton"
"1003",2,"Amed Rosario"
"1004",2,"Wilson Ramos"
"1005",2,"Todd Frazier"
"1006",2,"Juan Lagares"
"1007",2,"Luke Weaver"
"1008",2,"Eric Hosmer"
"1009",2,"Byron Buxton"
"1010",2,"Francisco Mejia"
"1011",2,"Ty France"
"1012",2,"Curtis Granderson"
"1013",2,"Mitch Moreland"
"1014",2,"Michael Chavis"
"1015",2,"Caleb Smith"
"1016",2,"Jon Berti"
"1017",2,"Hunter Renfroe"
"1018",2,"Manny Machado"
"1019",2,"Franmil Reyes"
"1020",2,"Wil Myers"
"1021",2,"Cal Quantrill"
"1022",2,"Ian Kinsler"
"1023",2,"James McCann"
"1024",2,"Tim Anderson"
"1025",2,"Jason Castro"
"1026",2,"Jonathan Schoop"
"1027",2,"Jon Gray"
"1028",2,"Stevie Wilkerson"
"1029",2,"Tyler White"
"1030",2,"Yolmer Sanchez"
"1031",2,"Derek Fisher"
"1032",2,"Adam Engel"
"1033",2,"Nicky Delmonico"
"1034",2,"Kevin Newman"
"1035",2,"Bryan Reynolds"
"1036",2,"Skye Bolt"
"1037",2,"Zack Wheeler"
"1038",2,"Michael Conforto"
"1039",2,"J.D. Davis"
"1040",2,"Braden Bishop"
"1041",2,"Omar Narvaez"
"1042",2,"Peter O'Brien"
"1043",2,"Adam Wainwright"
"1044",2,"Tim Locastro"
"1045",2,"Nick Senzel"
"1046",2,"Josh VanMeter"
"1047",2,"Jose Peraza"
"1048",2,"Charlie Tilson"
"1049",2,"Hyun-Jin Ryu"
"1050",2,"Alex Verdugo"
"1051",2,"Victor Robles"
"1052",2,"Adam Eaton"
"1053",2,"Stephen Strasburg"
"1054",2,"Michael A. Taylor"
"1055",2,"Wilmer Difo"
"1056",2,"Brian Dozier"
"1057",2,"Kurt Suzuki"
"1058",2,"Howie Kendrick"
"1059",2,"Ehire Adrianza"
"1060",2,"Jake Cave"
"1061",2,"Mitch Garver"
"1062",2,"Jose Urena"
"1063",2,"Jay Bruce"
"1064",2,"J.P. Crawford"
"1065",2,"Cameron Maybin"
"1066",2,"Miguel Andujar"
"1067",2,"Clint Frazier"
"1068",2,"Matt Olson"
"1069",2,"Jose Quintana"
"1070",2,"Addison Russell"
"1071",2,"Gio Gonzalez"
"1072",2,"Travis d'Arnaud"
"1073",2,"Sandy Leon"
"1074",2,"Jon Duplantier"
"1075",2,"Zack Greinke"
"1076",2,"Jean Segura"
"1077",2,"Nick Williams"
"1078",2,"Willians Astudillo"
"1079",2,"Cesar Hernandez"
"1080",2,"Aaron Nola"
"1081",2,"Chris Iannetta"
"1082",2,"Kyle Farmer"
"1083",2,"Tanner Roark"
"1084",2,"Jake Arrieta"
"1085",2,"Phil Gosselin"
"1086",2,"Sean Rodriguez"
"1087",2,"Austin Wynns"
"1088",2,"Keston Hiura"
"1089",2,"Jhoulys Chacin"
"1090",2,"Jake Marisnick"
"1091",2,"Nicky Lopez"
"1092",2,"Aaron Hicks"
"1093",2,"Luis Arraez"
"1094",2,"Miguel Sano"
"1095",2,"Steve Pearce"
"1096",2,"Trea Turner"
"1097",2,"Kyle McGowin"
"1098",2,"Jeremy Hellickson"
"1099",2,"Vladimir Guerrero Jr."
"1100",2,"Jonathan Davis"
"1101",2,"Zach Eflin"
"1102",2,"Sonny Gray"
"1103",2,"Matt Beaty"
"1104",2,"Joc Pederson"
"1105",2,"Tyler Austin"
"1106",2,"Donovan Solano"
"1107",2,"Mac Williamson"
"1108",2,"Jeff Samardzija"
"1109",2,"Andrew Velazquez"
"1110",2,"Erik Kratz"
"1111",2,"Andrew Knapp"
"1112",2,"Manuel Margot"
"1113",2,"Austin Hedges"
"1114",2,"Anthony DeSclafani"
"1115",2,"Greg Garcia"
"1116",2,"Josh Naylor"
"1117",2,"Oscar Mercado"
"1118",2,"Elias Diaz"
"1119",2,"Colin Moran"
"1120",2,"Matt Adams"
"1121",2,"Luis Rengifo"
"1122",2,"Chris Archer"
"1123",2,"Jacob Stallings"
"1124",2,"Kyle Seager"
"1125",2,"Matt Wieters"
"1126",2,"Shed Long"
"1127",2,"Jared Walsh"
"1128",2,"Jose Osuna"
"1129",2,"Steven Brault"
"1130",2,"Jeff Hoffman"
"1131",2,"Cheslor Cuthbert"
"1132",2,"Jack Mayfield"
"1133",2,"Peter Lambert"
"1134",2,"Garrett Cooper"
"1135",2,"Brendan Rodgers"
"1136",2,"JT Riddle"
"1137",2,"Harold Ramirez"
"1138",2,"Wilfredo Tovar"
"1139",2,"Mike Soroka"
"1140",2,"Austin Riley"
"1141",2,"Marco Hernandez"
"1142",2,"Christian Arroyo"
"1143",2,"Mike Zunino"
"1144",2,"Anthony Santander"
"1145",2,"Sam Travis"
"1146",2,"Andrew Knizner"
"1147",2,"Yairo Munoz"
"1148",2,"Kevin Cron"
"1149",2,"Bryan Holaday"
"1150",2,"Shohei Ohtani"
"1151",2,"Yordan Alvarez"
"1152",2,"Tim Federowicz"
"1153",2,"Dawel Lugo"
"1154",2,"Harold Castro"
"1155",2,"Corey Dickerson"
"1156",2,"Cesar Puello"
"1157",2,"Rich Hill"
"1158",2,"Nick Pivetta"
"1159",2,"Jose Rondon"
"1160",2,"Welington Castillo"
"1161",2,"Cavan Biggio"
"1162",2,"Kyle Garlick"
"1163",2,"Stephen Vogt"
"1164",2,"Fernando Tatis Jr."
"1165",2,"Joey Lucchesi"
"1166",2,"Didi Gregorius"
"1167",2,"Lucas Duda"
"1168",2,"Dereck Rodriguez"
"1169",2,"Mike Yastrzemski"
"1170",2,"Giancarlo Stanton"
"1171",2,"Michael Brosseau"
"1172",2,"Miles Mikolas"
"1173",2,"Humberto Arteaga"
"1174",2,"Zack Collins"
"1175",2,"Adbert Alzolay"
"1176",2,"Jon Jay"
"1177",2,"Wade LeBlanc"
"1178",2,"Jake Lamb"
"1179",2,"Willie Calhoun"
"1180",2,"LaMonte Wade Jr"
"1181",2,"Scooter Gennett"
"1182",2,"Aaron Judge"
"1183",2,"Chance Sisco"
"1184",2,"Brad Miller"
"1185",2,"Franklin Barreto"
"1186",2,"Noah Syndergaard"
"1187",2,"Tomas Nido"
"1188",2,"Tommy Edman"
"1189",2,"Dominic Smith"
"1190",2,"Bobby Wilson"
"1191",2,"Jordan Lyles"
"1192",2,"Nate Lowe"
"1193",2,"Yadiel Rivera"
"1194",3,"Johan Camargo"
"1195",3,"Dansby Swanson"
"1196",3,"Brian McCann"
"1197",3,"Jesus Sucre"
"1198",3,"Renato Nunez"
"1199",3,"Albert Almora Jr."
"1200",3,"Yolmer Sanchez"
"1201",3,"Joey Rickard"
"1202",3,"Welington Castillo"
"1203",3,"Kyle Schwarber"
"1204",3,"Hanser Alberto"
"1205",3,"Tim Anderson"
"1206",3,"Jason Heyward"
"1207",3,"Daniel Palka"
"1208",3,"Giancarlo Stanton"
"1209",3,"Eloy Jimenez"
"1210",3,"Daniel Descalso"
"1211",3,"Aaron Judge"
"1212",3,"Yonder Alonso"
"1213",3,"Brett Gardner"
"1214",3,"Troy Tulowitzki"
"1215",3,"Colin Moran"
"1216",3,"Gleyber Torres"
"1217",3,"Mitch Moreland"
"1218",3,"Juan Lagares"
"1219",3,"Amed Rosario"
"1220",3,"Erik Gonzalez"
"1221",3,"Greg Bird"
"1222",3,"Xander Bogaerts"
"1223",3,"JB Shuck"
"1224",3,"Trey Mancini"
"1225",3,"Jonathan Villar"
"1226",3,"Drew Jackson"
"1227",3,"J.D. Martinez"
"1228",3,"Jeff McNeil"
"1229",3,"Cedric Mullins"
"1230",3,"Wilson Ramos"
"1231",3,"Anthony Rendon"
"1232",3,"Trea Turner"
"1233",3,"Richie Martin"
"1234",3,"Adam Eaton"
"1235",3,"Victor Robles"
"1236",3,"Jung Ho Kang"
"1237",3,"Edwin Encarnacion"
"1238",3,"Domingo Santana"
"1239",3,"Raimel Tapia"
"1240",3,"Michael Conforto"
"1241",3,"Francisco Cervelli"
"1242",3,"Robinson Cano"
"1243",3,"Mitch Haniger"
"1244",3,"Chris Iannetta"
"1245",3,"Josh Bell"
"1246",3,"Zack Cozart"
"1247",3,"Nick Williams"
"1248",3,"Albert Pujols"
"1249",3,"Dee Gordon"
"1250",3,"Andrelton Simmons"
"1251",3,"Corey Dickerson"
"1252",3,"Ryan McMahon"
"1253",3,"Ian Desmond"
"1254",3,"Teoscar Hernandez"
"1255",3,"Eugenio Suarez"
"1256",3,"Randal Grichuk"
"1257",3,"Yasiel Puig"
"1258",3,"Buster Posey"
"1259",3,"Brandon Drury"
"1260",3,"Joey Votto"
"1261",3,"Jesse Winker"
"1262",3,"Freddy Galvis"
"1263",3,"Evan Longoria"
"1264",3,"Brandon Belt"
"1265",3,"Javier Baez"
"1266",3,"Derek Dietrich"
"1267",3,"David Dahl"
"1268",3,"Trevor Story"
"1269",3,"Kris Bryant"
"1270",3,"David Freitas"
"1271",3,"Danny Jansen"
"1272",3,"Nelson Cruz"
"1273",3,"Mallex Smith"
"1274",3,"Robbie Grossman"
"1275",3,"Melky Cabrera"
"1276",3,"Jorge Polanco"
"1277",3,"Nolan Arenado"
"1278",3,"Rowdy Tellez"
"1279",3,"Josh Phegley"
"1280",3,"Max Kepler"
"1281",3,"Adam Frazier"
"1282",3,"Tim Beckham"
"1283",3,"Daniel Murphy"
"1284",3,"Ramon Laureano"
"1285",3,"Kevin Pillar"
"1286",3,"Jameson Taillon"
"1287",3,"Ryon Healy"
"1288",3,"Lourdes Gurriel Jr."
"1289",3,"Dwight Smith Jr."
"1290",3,"Jay Bruce"
"1291",3,"Brandon Crawford"
"1292",3,"Gary Sanchez"
"1293",3,"Miguel Andujar"
"1294",3,"Luke Voit"
"1295",3,"Chris Davis"
"1296",3,"Rio Ruiz"
"1297",3,"Adam Jones"
"1298",3,"David Peralta"
"1299",3,"Eduardo Escobar"
"1300",3,"Jarrod Dyson"
"1301",3,"Matt Andriese"
"1302",3,"Alex Avila"
"1303",3,"Nick Ahmed"
"1304",3,"Ketel Marte"
"1305",3,"Jake Lamb"
"1306",3,"Enrique Hernandez"
"1307",3,"Max Muncy"
"1308",3,"Russell Martin"
"1309",3,"Orlando Arcia"
"1310",3,"Yasmani Grandal"
"1311",3,"Mike Moustakas"
"1312",3,"Cody Bellinger"
"1313",3,"Joc Pederson"
"1314",3,"Corey Seager"
"1315",3,"A.J. Pollock"
"1316",3,"Gerardo Parra"
"1317",3,"Erik Kratz"
"1318",3,"Steven Duggar"
"1319",3,"Joe Panik"
"1320",3,"Manuel Margot"
"1321",3,"Fernando Tatis Jr."
"1322",3,"Eric Hosmer"
"1323",3,"David Freese"
"1324",3,"Yangervis Solarte"
"1325",3,"Justin Turner"
"1326",3,"Eduardo Nunez"
"1327",3,"Charlie Blackmon"
"1328",3,"Tony Wolters"
"1329",3,"Mookie Betts"
"1330",3,"Kendrys Morales"
"1331",3,"Khris Davis"
"1332",3,"Stephen Piscotty"
"1333",3,"Michael Brantley"
"1334",3,"Matt Chapman"
"1335",3,"Alex Verdugo"
"1336",3,"Franchy Cordero"
"1337",3,"Tony Kemp"
"1338",3,"Max Stassi"
"1339",3,"Aledmys Diaz"
"1340",3,"Austin Hedges"
"1341",3,"Matt Carpenter"
"1342",3,"Garrett Hampson"
"1343",3,"Jack Flaherty"
"1344",3,"Harrison Bader"
"1345",3,"Kolten Wong"
"1346",3,"Josh Reddick"
"1347",3,"Yuli Gurriel"
"1348",3,"Billy McKinney"
"1349",3,"Alex Bregman"
"1350",3,"Franmil Reyes"
"1351",3,"Dexter Fowler"
"1352",3,"Manny Machado"
"1353",3,"Wil Myers"
"1354",3,"Yadier Molina"
"1355",3,"Ian Kinsler"
"1356",3,"Marcell Ozuna"
"1357",3,"Michael Reed"
"1358",3,"Paul DeJong"
"1359",3,"Paul Goldschmidt"
"1360",3,"Pablo Sandoval"
"1361",3,"Connor Joe"
"1362",3,"German Marquez"
"1363",3,"Derek Holland"
"1364",3,"Isiah Kiner-Falefa"
"1365",3,"Ronald Guzman"
"1366",3,"Ben Zobrist"
"1367",3,"DJ LeMahieu"
"1368",3,"Kurt Suzuki"
"1369",3,"Ryan Zimmerman"
"1370",3,"Juan Soto"
"1371",3,"Odubel Herrera"
"1372",3,"David Bote"
"1373",3,"J.T. Realmuto"
"1374",3,"Willson Contreras"
"1375",3,"David Fletcher"
"1376",3,"Tommy La Stella"
"1377",3,"Pete Alonso"
"1378",3,"Kole Calhoun"
"1379",3,"Hunter Renfroe"
"1380",3,"Brandon Nimmo"
"1381",3,"Dominic Smith"
"1382",3,"Jose Abreu"
"1383",3,"Yoan Moncada"
"1384",3,"Jonathan Lucroy"
"1385",3,"Rhys Hoskins"
"1386",3,"Justin Bour"
"1387",3,"Leury Garcia"
"1388",3,"Anthony Rizzo"
"1389",3,"Yandy Diaz"
"1390",3,"Brandon Lowe"
"1391",3,"Jose Martinez"
"1392",3,"Ji-Man Choi"
"1393",3,"Tommy Pham"
"1394",3,"Marwin Gonzalez"
"1395",3,"Guillermo Heredia"
"1396",3,"Freddie Freeman"
"1397",3,"Michael Perez"
"1398",3,"Josh Donaldson"
"1399",3,"Mark Reynolds"
"1400",3,"Rosell Herrera"
"1401",3,"Miguel Rojas"
"1402",3,"Kevin Kiermaier"
"1403",3,"Garrett Cooper"
"1404",3,"Avisail Garcia"
"1405",3,"Brian Dozier"
"1406",3,"Chad Wallach"
"1407",3,"Joey Wendle"
"1408",3,"Curtis Granderson"
"1409",3,"Tyler White"
"1410",3,"Robinson Chirinos"
"1411",3,"Travis Shaw"
"1412",3,"Bryce Harper"
"1413",3,"Richard Urena"
"1414",3,"Jean Segura"
"1415",3,"Christian Yelich"
"1416",3,"Lorenzo Cain"
"1417",3,"Brandon Woodruff"
"1418",3,"Delino DeShields"
"1419",3,"Andrew McCutchen"
"1420",3,"Stephen Strasburg"
"1421",3,"Nick Pivetta"
"1422",3,"Maikel Franco"
"1423",3,"Cesar Hernandez"
"1424",3,"Justin Smoak"
"1425",3,"Ben Gamel"
"1426",3,"Eric Thames"
"1427",3,"Jackie Bradley Jr."
"1428",3,"Christian Vazquez"
"1429",3,"Blake Swihart"
"1430",3,"Elvis Andrus"
"1431",3,"Pedro Severino"
"1432",3,"Andrew Benintendi"
"1433",3,"Rougned Odor"
"1434",3,"J.D. Davis"
"1435",3,"Jeff Mathis"
"1436",3,"Wilmer Flores"
"1437",3,"Christian Walker"
"1438",3,"Carson Kelly"
"1439",3,"Ozzie Albies"
"1440",3,"Nick Markakis"
"1441",3,"Ronald Acuna Jr."
"1442",3,"Mike Trout"
"1443",3,"Yan Gomes"
"1444",3,"Greg Garcia"
"1445",3,"Jose Altuve"
"1446",3,"Hanley Ramirez"
"1447",3,"George Springer"
"1448",3,"Jake Marisnick"
"1449",3,"Rafael Devers"
"1450",3,"Scott Schebler"
"1451",3,"Andrew Stevenson"
"1452",3,"Drew Robinson"
"1453",3,"Jose Iglesias"
"1454",3,"Chris Taylor"
"1455",3,"Brian Anderson"
"1456",3,"Chad Pinder"
"1457",3,"James McCann"
"1458",3,"Mark Canha"
"1459",3,"Carlos Correa"
"1460",3,"Tucker Barnhart"
"1461",3,"Jose Peraza"
"1462",3,"Eddie Rosario"
"1463",3,"Sandy Alcantara"
"1464",3,"Matt Kemp"
"1465",3,"Ender Inciarte"
"1466",3,"Kyle Wright"
"1467",3,"Jon Gray"
"1468",3,"Michael Lorenzen"
"1469",3,"Jesus Aguilar"
"1470",3,"Ryan Braun"
"1471",3,"Dylan Moore"
"1472",3,"Mikie Mahtook"
"1473",3,"Jordy Mercer"
"1474",3,"Grayson Greiner"
"1475",3,"Leonys Martin"
"1476",3,"Eric Stamets"
"1477",3,"Willy Adames"
"1478",3,"Greg Allen"
"1479",3,"Tyler O'Neill"
"1480",3,"Kyle Farmer"
"1481",3,"Daniel Robertson"
"1482",3,"Josh Harrison"
"1483",3,"Matt Joyce"
"1484",3,"Peter O'Brien"
"1485",3,"Adam Engel"
"1486",3,"Jorge Alfaro"
"1487",3,"Jose Rondon"
"1488",3,"Martin Prado"
"1489",3,"Brian Goodwin"
"1490",3,"Lewis Brinson"
"1491",3,"Christin Stewart"
"1492",3,"Starlin Castro"
"1493",3,"Jeimer Candelario"
"1494",3,"Niko Goodrum"
"1495",3,"Neil Walker"
"1496",3,"Caleb Smith"
"1497",3,"Jake Cave"
"1498",3,"Willians Astudillo"
"1499",3,"Billy Hamilton"
"1500",3,"Aaron Altherr"
"1501",3,"Brock Holt"
"1502",3,"Nicholas Castellanos"
"1503",3,"Dustin Peterson"
"1504",3,"Francisco Mejia"
"1505",3,"Byron Buxton"
"1506",3,"John Hicks"
"1507",3,"Jonathan Schoop"
"1508",3,"Anthony Alford"
"1509",3,"Miguel Cabrera"
"1510",3,"Pablo Reyes"
"1511",3,"Tyler Austin"
"1512",3,"Ehire Adrianza"
"1513",3,"Mitch Garver"
"1514",3,"Charlie Culberson"
"1515",3,"Keon Broxton"
"1516",3,"Manny Pina"
"1517",3,"Gordon Beckham"
"1518",3,"Jon Lester"
"1519",3,"Tomas Nido"
"1520",3,"Robbie Ray"
"1521",3,"Jacob deGrom"
"1522",3,"Asdrubal Cabrera"
"1523",3,"Joey Gallo"
"1524",3,"Victor Caratini"
"1525",3,"Shin-Soo Choo"
"1526",3,"Matt Adams"
"1527",3,"Wilmer Difo"
"1528",3,"Marcus Semien"
"1529",3,"Clint Frazier"
"1530",3,"Jurickson Profar"
"1531",3,"Martin Maldonado"
"1532",3,"Chris Owings"
"1533",3,"Lucas Duda"
"1534",3,"Ryan O'Hearn"
"1535",3,"Jorge Soler"
"1536",3,"Alex Gordon"
"1537",3,"Adalberto Mondesi"
"1538",3,"Whit Merrifield"
"1539",3,"Hernan Perez"
"1540",3,"Nomar Mazara"
"1541",3,"Alen Hanson"
"1542",3,"Socrates Brito"
"1543",3,"Luke Maile"
"1544",3,"Starling Marte"
"1545",3,"Jedd Gyorko"
"1546",3,"Gio Urshela"
"1547",3,"Kevin Newman"
"1548",3,"Kenley Jansen"
"1549",3,"Howie Kendrick"
"1550",3,"Peter Bourjos"
"1551",3,"Austin Barnes"
"1552",3,"Kevan Smith"
"1553",3,"Luis Guillorme"
"1554",3,"Jacob Stallings"
"1555",3,"JT Riddle"
"1556",3,"Austin Meadows"
"1557",3,"Mike Zunino"
"1558",3,"C.J. Cron"
"1559",3,"Tom Murphy"
"1560",3,"Hunter Dozier"
"1561",3,"Curt Casali"
"1562",3,"Patrick Corbin"
"1563",3,"Tanner Roark"
"1564",3,"Michael Pineda"
"1565",3,"Travis d'Arnaud"
"1566",3,"Ryan Cordell"
"1567",3,"Josh Hader"
"1568",3,"Cam Gallagher"
"1569",3,"Daniel Vogelbach"
"1570",3,"Joe Kelly"
"1571",3,"Austin Romine"
"1572",3,"Christian Arroyo"
"1573",3,"Omar Narvaez"
"1574",3,"Max Scherzer"
"1575",3,"Merrill Kelly"
"1576",3,"John Ryan Murphy"
"1577",3,"Drew Pomeranz"
"1578",3,"Frank Schwindel"
"1579",3,"Terrance Gore"
"1580",3,"Josh Fuentes"
"1581",3,"Luis Urias"
"1582",3,"Jason Martin"
"1583",3,"Steven Brault"
"1584",3,"Miles Mikolas"
"1585",3,"Andrew Knapp"
"1586",3,"Tyler Flowers"
"1587",3,"Aaron Nola"
"1588",3,"Ross Stripling"
"1589",3,"Jake Bauers"
"1590",3,"Carlos Santana"
"1591",3,"Tyler Naquin"
"1592",3,"Jose Ramirez"
"1593",3,"Nick Hundley"
"1594",3,"Tyler Wade"
"1595",3,"Patrick Wisdom"
"1596",3,"Max Moroff"
"1597",3,"Roberto Perez"
"1598",3,"Hunter Pence"
"1599",3,"Tyler Mahle"
"1600",3,"Jake Odorizzi"
"1601",3,"Tim Locastro"
"1602",3,"JaCoby Jones"
"1603",3,"Rocky Gale"
"1604",3,"Steven Matz"
"1605",3,"Kevin Gausman"
"1606",3,"Brad Miller"
"1607",3,"Kevin Plawecki"
"1608",3,"Austin Dean"
"1609",3,"Yonathan Daza"
"1610",3,"Jake Arrieta"
"1611",3,"Seranthony Dominguez"
"1612",3,"Scott Kingery"
"1613",3,"Touki Toussaint"
"1614",3,"Alex Jackson"
"1615",3,"Corey Oswalt"
"1616",3,"Dustin Pedroia"
"1617",3,"Steve Pearce"
"1618",3,"Carlos Gonzalez"
"1619",3,"Logan Forsythe"
"1620",3,"Danny Santana"
"1621",3,"Yu Darvish"
"1622",3,"Antonio Senzatela"
"1623",3,"Drew Butera"
"1624",3,"Noel Cuevas"
"1625",3,"Freddy Peralta"
"1626",3,"Yairo Munoz"
"1627",3,"Matt Wieters"
"1628",3,"Pat Valaika"
"1629",3,"Jason Kipnis"
"1630",3,"Isaac Galloway"
"1631",3,"Ildemaro Vargas"
"1632",3,"Ronny Rodriguez"
"1633",3,"Zack Wheeler"
"1634",3,"Cole Hamels"
"1635",3,"Michael A. Taylor"
"1636",3,"Roman Quinn"
"1637",3,"Matt Koch"
"1638",3,"Kyle Higashioka"
"1639",3,"Mike Tauchman"
"1640",3,"Tzu-Wei Lin"
"1641",3,"Jose Pirela"
"1642",3,"Mike Ford"
"1643",3,"Jon Berti"
"1644",3,"Jason Castro"
"1645",3,"Zack Greinke"
"1646",3,"Francisco Lindor"
"1647",3,"Mike Freeman"
"1648",3,"Lane Thomas"
"1649",3,"Michael Chavis"
"1650",3,"Cole Tucker"
"1651",3,"Dereck Rodriguez"
"1652",3,"Noah Syndergaard"
"1653",3,"Dakota Hudson"
"1654",3,"Elias Diaz"
"1655",3,"Bryan Reynolds"
"1656",3,"Nicky Delmonico"
"1657",3,"Todd Frazier"
"1658",3,"Phil Gosselin"
"1659",3,"Phillip Ervin"
"1660",3,"Eric Sogard"
"1661",3,"Brad Wieck"
"1662",3,"Luke Weaver"
"1663",3,"Brandon Dixon"
"1664",3,"Sean Rodriguez"
"1665",3,"Mike Soroka"
"1666",3,"Gregory Polanco"
"1667",3,"Sandy Leon"
"1668",3,"Luis Rengifo"
"1669",3,"Carter Kieboom"
"1670",3,"Ty France"
"1671",3,"Chase Anderson"
"1672",3,"Vladimir Guerrero Jr."
"1673",3,"J.A. Happ"
"1674",3,"Thairo Estrada"
"1675",3,"Cameron Maybin"
"1676",3,"Trevor Richards"
"1677",3,"Jon Duplantier"
"1678",3,"Stevie Wilkerson"
"1679",3,"Jose Quintana"
"1680",3,"Rich Hill"
"1681",3,"Jeremy Hellickson"
"1682",3,"Gio Gonzalez"
"1683",3,"Kelvin Gutierrez"
"1684",3,"Matt Beaty"
"1685",3,"Ty Blach"
"1686",3,"Walker Buehler"
"1687",3,"Luis Castillo"
"1688",3,"Trevor Bauer"
"1689",3,"Vince Velasquez"
"1690",3,"Nate Lowe"
"1691",3,"Victor Reyes"
"1692",3,"Anthony Santander"
"1693",3,"Braden Bishop"
"1694",3,"Caleb Joseph"
"1695",3,"Nick Senzel"
"1696",3,"Stephen Vogt"
"1697",3,"Skye Bolt"
"1698",3,"Alex Dickerson"
"1699",3,"Kyle Hendricks"
"1700",3,"Jose Urena"
"1701",3,"Adeiny Hechavarria"
"1702",3,"Austin Wynns"
"1703",3,"Chris Bassitt"
"1704",3,"Yusmeiro Petit"
"1705",3,"Zach Eflin"
"1706",3,"Zach Davies"
"1707",3,"Mike Gerber"
"1708",3,"Charlie Tilson"
"1709",3,"Adrian Sanchez"
"1710",3,"Josh VanMeter"
"1711",3,"Anthony DeSclafani"
"1712",3,"Mac Williamson"
"1713",3,"Cal Quantrill"
"1714",3,"Matt Olson"
"1715",3,"Shohei Ohtani"
"1716",3,"Gerardo Reyes"
"1717",3,"Jerad Eickhoff"
"1718",3,"Matt Strahm"
"1719",3,"Taylor Davis"
"1720",3,"Addison Russell"
"1721",3,"Adam Wainwright"
"1722",3,"Aramis Garcia"
"1723",3,"Jordan Luplow"
"1724",3,"Joe Musgrove"
"1725",3,"J.P. Crawford"
"1726",3,"Anthony Bemboom"
"1727",3,"Shed Long"
"1728",3,"Harold Ramirez"
"1729",3,"Brad Brach"
"1730",3,"Chris Stratton"
"1731",3,"Austin Allen"
"1732",3,"Keston Hiura"
"1733",3,"Oscar Mercado"
"1734",3,"Miguel Sano"
"1735",3,"Willie Calhoun"
"1736",3,"Eric Lauer"
"1737",3,"Mike Montgomery"
"1738",3,"Jacob Nottingham"
"1739",3,"Aaron Hicks"
"1740",3,"Nicky Lopez"
"1741",3,"Carlos Gomez"
"1742",3,"Jake Elmore"
"1743",3,"Jordan Lyles"
"1744",3,"Luis Arraez"
"1745",3,"Austin Riley"
"1746",3,"Jared Walsh"
"1747",3,"Madison Bumgarner"
"1748",3,"Pablo Lopez"
"1749",3,"Steve Cishek"
"1750",3,"Mark Zagunis"
"1751",3,"Dawel Lugo"
"1752",3,"Rajai Davis"
"1753",3,"Giovanny Gallegos"
"1754",3,"Brad Keller"
"1755",3,"Junior Guerra"
"1756",3,"Donovan Solano"
"1757",3,"Brendan Rodgers"
"1758",3,"Wei-Yin Chen"
"1759",3,"Cavan Biggio"
"1760",3,"Gregory Soto"
"1761",3,"Kevin Cron"
"1762",3,"Kyle Seager"
"1763",3,"Taylor Clarke"
"1764",3,"Jhoulys Chacin"
"1765",3,"Mike Yastrzemski"
"1766",3,"Jonathan Davis"
"1767",3,"Will Smith"
"1768",3,"Jose Osuna"
"1769",3,"Josh Naylor"
"1770",3,"Jeff Samardzija"
"1771",3,"Jacob Webb"
"1772",3,"Cesar Puello"
"1773",3,"Max Fried"
"1774",3,"Anibal Sanchez"
"1775",3,"Dustin Garneau"
"1776",3,"Tyler Beede"
"1777",3,"Kyle Freeland"
"1778",3,"DJ Stewart"
"1779",3,"Seby Zavala"
"1780",3,"Kenta Maeda"
"1781",3,"Mike Foltynewicz"
"1782",3,"Alex McRae"
"1783",3,"Cheslor Cuthbert"
"1784",3,"Derek Fisher"
"1785",3,"Myles Straw"
"1786",3,"Jack Mayfield"
"1787",3,"Garrett Stubbs"
"1788",3,"Sam Travis"
"1789",3,"Clay Holmes"
"1790",3,"Hyun-Jin Ryu"
"1791",3,"Adam Haseley"
"1792",3,"Jason Vargas"
"1793",3,"Julio Urias"
"1794",3,"Harold Castro"
"1795",3,"Chance Sisco"
"1796",3,"Wilfredo Tovar"
"1797",3,"Tim Federowicz"
"1798",3,"Didi Gregorius"
"1799",3,"Julio Teheran"
"1800",3,"Marco Hernandez"
"1801",3,"Bryan Holaday"
"1802",3,"Kyle Garlick"
"1803",3,"Jeff Hoffman"
"1804",3,"Michael Wacha"
"1805",3,"Tommy Edman"
"1806",3,"Chris Archer"
"1807",3,"Yordan Alvarez"
"1808",3,"Elieser Hernandez"
"1809",3,"Beau Taylor"
"1810",3,"Shaun Anderson"
"1811",3,"Scott Oberg"
"1812",3,"Yadiel Rivera"
"1813",3,"Drew Smyly"
"1814",3,"John Gant"
"1815",3,"Daniel Ponce de Leon"
"1816",3,"Austin Nola"
"1817",3,"Jorge Bonifacio"
"1818",3,"Zack Collins"
"1819",3,"Justin Upton"
"1820",3,"Rangel Ravelo"
"1821",3,"Nick Ramirez"
"1822",3,"Jordan Zimmermann"
"1823",3,"Adbert Alzolay"
"1824",3,"Humberto Arteaga"
"1825",3,"Tyler Chatwood"
"1826",3,"Bobby Wilson"
"1827",3,"Felix Pena"
"1828",3,"Bobby Bradley"
"1829",3,"Walker Lockett"
"1830",3,"Tyler Saladino"
"1831",3,"Yu Chang"
"1832",3,"Chris Paddack"
"1833",3,"Franklin Barreto"
"1834",3,"Jeff Brigham"
"1835",3,NA
"1836",3,"Scooter Gennett"
"1837",3,"Michael Brosseau"
"1838",3,"Chad Green"
"1839",3,"Jon Jay"
"1840",3,"Domingo German"
"1841",3,"Edwin Rios"
"1842",3,NA
"1843",3,"Breyvic Valera"
"1844",3,"Dallas Keuchel"
"1845",3,"Joey Lucchesi"
"1846",3,NA
"1847",4,"Ozzie Albies"
"1848",4,"Nick Markakis"
"1849",4,"Ronald Acuna Jr."
"1850",4,"Freddie Freeman"
"1851",4,"Josh Donaldson"
"1852",4,"Yolmer Sanchez"
"1853",4,"James McCann"
"1854",4,"Tim Anderson"
"1855",4,"Steven Duggar"
"1856",4,"Pablo Sandoval"
"1857",4,"Joe Panik"
"1858",4,"Marcus Semien"
"1859",4,"Yangervis Solarte"
"1860",4,"Chad Pinder"
"1861",4,"Jurickson Profar"
"1862",4,"Khris Davis"
"1863",4,"Ender Inciarte"
"1864",4,"Julio Teheran"
"1865",4,"Dansby Swanson"
"1866",4,"Stephen Piscotty"
"1867",4,"Matt Chapman"
"1868",4,"Anthony Rizzo"
"1869",4,"Corey Seager"
"1870",4,"Robbie Grossman"
"1871",4,"Kris Bryant"
"1872",4,"Joc Pederson"
"1873",4,"Albert Almora Jr."
"1874",4,"Hyun-Jin Ryu"
"1875",4,"Mark Zagunis"
"1876",4,"Jason Heyward"
"1877",4,"Austin Barnes"
"1878",4,"Ben Zobrist"
"1879",4,"Enrique Hernandez"
"1880",4,"Josh Phegley"
"1881",4,"Cody Bellinger"
"1882",4,"David Bote"
"1883",4,"Ramon Laureano"
"1884",4,"Brian McCann"
"1885",4,"A.J. Pollock"
"1886",4,"Max Muncy"
"1887",4,"Willson Contreras"
"1888",4,"Justin Turner"
"1889",4,"Javier Baez"
"1890",4,"David Freese"
"1891",4,"Russell Martin"
"1892",4,"Nick Ahmed"
"1893",4,"Ketel Marte"
"1894",4,"Adam Jones"
"1895",4,"David Peralta"
"1896",4,"Eduardo Escobar"
"1897",4,"Jarrod Dyson"
"1898",4,"Christian Walker"
"1899",4,"Hunter Renfroe"
"1900",4,"Manny Machado"
"1901",4,"Wil Myers"
"1902",4,"Omar Narvaez"
"1903",4,"Tim Beckham"
"1904",4,"Edwin Encarnacion"
"1905",4,"Christian Yelich"
"1906",4,"Kevin Kiermaier"
"1907",4,"Lorenzo Cain"
"1908",4,"Daniel Robertson"
"1909",4,"Avisail Garcia"
"1910",4,"John Hicks"
"1911",4,"Yandy Diaz"
"1912",4,"Christin Stewart"
"1913",4,"Niko Goodrum"
"1914",4,"Eric Thames"
"1915",4,"Starlin Castro"
"1916",4,"Orlando Arcia"
"1917",4,"Ji-Man Choi"
"1918",4,"Yasmani Grandal"
"1919",4,"Mike Moustakas"
"1920",4,"Tommy Pham"
"1921",4,"Neil Walker"
"1922",4,"Brian Anderson"
"1923",4,"Jesus Aguilar"
"1924",4,"Jeimer Candelario"
"1925",4,"Austin Meadows"
"1926",4,"Miguel Cabrera"
"1927",4,"Curtis Granderson"
"1928",4,"Nicholas Castellanos"
"1929",4,"Mike Zunino"
"1930",4,"Josh Harrison"
"1931",4,"Rosell Herrera"
"1932",4,"Robbie Ray"
"1933",4,"Lewis Brinson"
"1934",4,"Alex Avila"
"1935",4,"Willy Adames"
"1936",4,"Mikie Mahtook"
"1937",4,"Jordy Mercer"
"1938",4,"Ross Stripling"
"1939",4,"Travis Shaw"
"1940",4,"Joey Lucchesi"
"1941",4,"Ryan Braun"
"1942",4,"Jorge Alfaro"
"1943",4,"Chris Taylor"
"1944",4,"Austin Hedges"
"1945",4,"JT Riddle"
"1946",4,"Manuel Margot"
"1947",4,"Fernando Tatis Jr."
"1948",4,"Garrett Cooper"
"1949",4,"Freddy Peralta"
"1950",4,"Eric Hosmer"
"1951",4,"Jake Lamb"
"1952",4,"Franmil Reyes"
"1953",4,"Trevor Richards"
"1954",4,"Ian Kinsler"
"1955",4,"Matt Joyce"
"1956",4,"Charlie Culberson"
"1957",4,"Yoan Moncada"
"1958",4,"Leury Garcia"
"1959",4,"Welington Castillo"
"1960",4,"C.J. Cron"
"1961",4,"Brock Holt"
"1962",4,"Eddie Rosario"
"1963",4,"Jackie Bradley Jr."
"1964",4,"Blake Swihart"
"1965",4,"Nelson Cruz"
"1966",4,"Mitch Moreland"
"1967",4,"Jorge Polanco"
"1968",4,"Kenta Maeda"
"1969",4,"Justin Bour"
"1970",4,"Albert Pujols"
"1971",4,"Max Kepler"
"1972",4,"Trey Mancini"
"1973",4,"Andrelton Simmons"
"1974",4,"Mike Trout"
"1975",4,"Byron Buxton"
"1976",4,"Xander Bogaerts"
"1977",4,"Mitch Garver"
"1978",4,"Dwight Smith Jr."
"1979",4,"Jonathan Villar"
"1980",4,"Richie Martin"
"1981",4,"J.D. Martinez"
"1982",4,"Jesus Sucre"
"1983",4,"Rafael Devers"
"1984",4,"Mookie Betts"
"1985",4,"Andrew Benintendi"
"1986",4,"Jonathan Schoop"
"1987",4,"Zack Cozart"
"1988",4,"David Fletcher"
"1989",4,"Marwin Gonzalez"
"1990",4,"Drew Jackson"
"1991",4,"Peter Bourjos"
"1992",4,"Rio Ruiz"
"1993",4,"Joey Rickard"
"1994",4,"Bryse Wilson"
"1995",4,"Kole Calhoun"
"1996",4,"Jonathan Lucroy"
"1997",4,"Tyler Flowers"
"1998",4,"Renato Nunez"
"1999",4,"Alex Verdugo"
"2000",4,"Daniel Vogelbach"
"2001",4,"Erik Kratz"
"2002",4,"Ryon Healy"
"2003",4,"Jake Cave"
"2004",4,"Willians Astudillo"
"2005",4,"Gerardo Parra"
"2006",4,"Teoscar Hernandez"
"2007",4,"Tyler Austin"
"2008",4,"Randal Grichuk"
"2009",4,"Ehire Adrianza"
"2010",4,"Justin Smoak"
"2011",4,"Greg Garcia"
"2012",4,"Franchy Cordero"
"2013",4,"Brandon Drury"
"2014",4,"Jose Abreu"
"2015",4,"Danny Jansen"
"2016",4,"Luke Maile"
"2017",4,"Richard Urena"
"2018",4,"Kevin Pillar"
"2019",4,"Lourdes Gurriel Jr."
"2020",4,"Ildemaro Vargas"
"2021",4,"Daniel Palka"
"2022",4,"Eloy Jimenez"
"2023",4,"Yonder Alonso"
"2024",4,"Wilmer Flores"
"2025",4,"Luke Weaver"
"2026",4,"Carson Kelly"
"2027",4,"Chris Paddack"
"2028",4,"Yairo Munoz"
"2029",4,"Elvis Andrus"
"2030",4,"Rougned Odor"
"2031",4,"Shin-Soo Choo"
"2032",4,"Delino DeShields"
"2033",4,"Isiah Kiner-Falefa"
"2034",4,"Brandon Crawford"
"2035",4,"Buster Posey"
"2036",4,"Mark Canha"
"2037",4,"Evan Longoria"
"2038",4,"Ronald Guzman"
"2039",4,"Brandon Belt"
"2040",4,"Asdrubal Cabrera"
"2041",4,"Joey Gallo"
"2042",4,"Adam Frazier"
"2043",4,"Chris Archer"
"2044",4,"Erik Gonzalez"
"2045",4,"Nomar Mazara"
"2046",4,"Nick Hundley"
"2047",4,"Pablo Reyes"
"2048",4,"Francisco Cervelli"
"2049",4,"Josh Bell"
"2050",4,"Corey Dickerson"
"2051",4,"Starling Marte"
"2052",4,"Julio Urias"
"2053",4,"Colin Moran"
"2054",4,"Brian Dozier"
"2055",4,"Yan Gomes"
"2056",4,"Ryan Zimmerman"
"2057",4,"Scott Kingery"
"2058",4,"Maikel Franco"
"2059",4,"Cesar Hernandez"
"2060",4,"Odubel Herrera"
"2061",4,"J.T. Realmuto"
"2062",4,"Rhys Hoskins"
"2063",4,"Bryce Harper"
"2064",4,"Jean Segura"
"2065",4,"Francisco Mejia"
"2066",4,"Andrew McCutchen"
"2067",4,"Martin Prado"
"2068",4,"Domingo Santana"
"2069",4,"Mitch Haniger"
"2070",4,"Miguel Rojas"
"2071",4,"Mallex Smith"
"2072",4,"Peter O'Brien"
"2073",4,"Dee Gordon"
"2074",4,"Jhoulys Chacin"
"2075",4,"Ben Gamel"
"2076",4,"Jay Bruce"
"2077",4,"Jose Urena"
"2078",4,"Eric Lauer"
"2079",4,"Jake Noll"
"2080",4,"Juan Soto"
"2081",4,"Anthony Rendon"
"2082",4,"Josh Reddick"
"2083",4,"Max Stassi"
"2084",4,"Tyler White"
"2085",4,"Hunter Pence"
"2086",4,"Yuli Gurriel"
"2087",4,"Carlos Correa"
"2088",4,"Michael Brantley"
"2089",4,"Alex Bregman"
"2090",4,"Brandon Lowe"
"2091",4,"Cedric Mullins"
"2092",4,"Jose Altuve"
"2093",4,"George Springer"
"2094",4,"Jeff Mathis"
"2095",4,"Pedro Severino"
"2096",4,"Derek Holland"
"2097",4,"Chris Davis"
"2098",4,"Wilmer Difo"
"2099",4,"Kurt Suzuki"
"2100",4,"Adam Eaton"
"2101",4,"Victor Robles"
"2102",4,"Anibal Sanchez"
"2103",4,"Logan Forsythe"
"2104",4,"Christian Vazquez"
"2105",4,"Alen Hanson"
"2106",4,"Freddy Galvis"
"2107",4,"Jesse Winker"
"2108",4,"Derek Dietrich"
"2109",4,"Jose Iglesias"
"2110",4,"Tucker Barnhart"
"2111",4,"Eduardo Nunez"
"2112",4,"Gary Sanchez"
"2113",4,"Luke Voit"
"2114",4,"Aaron Judge"
"2115",4,"Billy McKinney"
"2116",4,"Jose Peraza"
"2117",4,"Scott Schebler"
"2118",4,"Eugenio Suarez"
"2119",4,"Rowdy Tellez"
"2120",4,"Yasiel Puig"
"2121",4,"Brett Gardner"
"2122",4,"Tyler Wade"
"2123",4,"Clint Frazier"
"2124",4,"Gleyber Torres"
"2125",4,"Steve Pearce"
"2126",4,"Socrates Brito"
"2127",4,"DJ LeMahieu"
"2128",4,"Greg Bird"
"2129",4,"Charlie Blackmon"
"2130",4,"Michael Perez"
"2131",4,"Kolten Wong"
"2132",4,"Harrison Bader"
"2133",4,"Dexter Fowler"
"2134",4,"Martin Perez"
"2135",4,"Rick Porcello"
"2136",4,"Jason Castro"
"2137",4,"Nick Margevicius"
"2138",4,"Paul Goldschmidt"
"2139",4,"Matt Carpenter"
"2140",4,"Tyler O'Neill"
"2141",4,"Grayson Greiner"
"2142",4,"Jon Gray"
"2143",4,"Tony Wolters"
"2144",4,"Pat Valaika"
"2145",4,"Mark Reynolds"
"2146",4,"Ian Desmond"
"2147",4,"David Dahl"
"2148",4,"Nolan Arenado"
"2149",4,"Trevor Story"
"2150",4,"Whit Merrifield"
"2151",4,"Billy Hamilton"
"2152",4,"Martin Maldonado"
"2153",4,"Hunter Dozier"
"2154",4,"Christian Arroyo"
"2155",4,"Chris Owings"
"2156",4,"Frank Schwindel"
"2157",4,"Jorge Soler"
"2158",4,"Alex Gordon"
"2159",4,"Adalberto Mondesi"
"2160",4,"Matt Kemp"
"2161",4,"Garrett Hampson"
"2162",4,"Chris Iannetta"
"2163",4,"Curt Casali"
"2164",4,"Raimel Tapia"
"2165",4,"Kendrys Morales"
"2166",4,"Matt Strahm"
"2167",4,"Jason Martin"
"2168",4,"Melky Cabrera"
"2169",4,"Jung Ho Kang"
"2170",4,"Yonny Chirinos"
"2171",4,"Dylan Moore"
"2172",4,"Matt Adams"
"2173",4,"Yadier Molina"
"2174",4,"Paul DeJong"
"2175",4,"Marcell Ozuna"
"2176",4,"Jose Martinez"
"2177",4,"Howie Kendrick"
"2178",4,"Austin Romine"
"2179",4,"Hanser Alberto"
"2180",4,"Tim Locastro"
"2181",4,"Gio Urshela"
"2182",4,"John Ryan Murphy"
"2183",4,"Mike Minor"
"2184",4,"Patrick Wisdom"
"2185",4,"Dakota Hudson"
"2186",4,"Luis Urias"
"2187",4,"Zack Greinke"
"2188",4,"Dustin Pedroia"
"2189",4,"Max Fried"
"2190",4,"Stephen Strasburg"
"2191",4,"Juan Nicasio"
"2192",4,"Gordon Beckham"
"2193",4,"Dustin Peterson"
"2194",4,"Lance Lynn"
"2195",4,"Jake Marisnick"
"2196",4,"Aledmys Diaz"
"2197",4,"Jeremy Hellickson"
"2198",4,"Nick Pivetta"
"2199",4,"JaCoby Jones"
"2200",4,"Giovanny Gallegos"
"2201",4,"Ryan O'Hearn"
"2202",4,"Matt Wieters"
"2203",4,"Jedd Gyorko"
"2204",4,"Tom Murphy"
"2205",4,"Pedro Avila"
"2206",4,"Terrance Gore"
"2207",4,"Michael Wacha"
"2208",4,"Jose Ramirez"
"2209",4,"Yonathan Daza"
"2210",4,"Max Moroff"
"2211",4,"Eric Stamets"
"2212",4,"Hernan Perez"
"2213",4,"Chad Bettis"
"2214",4,"Josh Fuentes"
"2215",4,"Kyle Schwarber"
"2216",4,"Daniel Descalso"
"2217",4,"Brad Miller"
"2218",4,"Kevin Plawecki"
"2219",4,"Jake Bauers"
"2220",4,"Joey Votto"
"2221",4,"Hanley Ramirez"
"2222",4,"Carlos Santana"
"2223",4,"Tyler Naquin"
"2224",4,"Leonys Martin"
"2225",4,"Tanner Roark"
"2226",4,"Chad Wallach"
"2227",4,"Austin Dean"
"2228",4,"German Marquez"
"2229",4,"Miles Mikolas"
"2230",4,"Danny Santana"
"2231",4,"Michael Conforto"
"2232",4,"Robinson Cano"
"2233",4,"Pete Alonso"
"2234",4,"Brandon Nimmo"
"2235",4,"Noah Syndergaard"
"2236",4,"J.D. Davis"
"2237",4,"Amed Rosario"
"2238",4,"Jeff McNeil"
"2239",4,"Wilson Ramos"
"2240",4,"Michael A. Taylor"
"2241",4,"Eric Sogard"
"2242",4,"Sandy Leon"
"2243",4,"Tommy La Stella"
"2244",4,"Johan Camargo"
"2245",4,"Juan Lagares"
"2246",4,"Jason Kipnis"
"2247",4,"Drew Gagnon"
"2248",4,"Mike Freeman"
"2249",4,"Brandon Woodruff"
"2250",4,"Adam Engel"
"2251",4,"Mike Tauchman"
"2252",4,"Sonny Gray"
"2253",4,"Kyle Farmer"
"2254",4,"Kevin Gausman"
"2255",4,"Jeff Samardzija"
"2256",4,"Mike Ford"
"2257",4,"Roman Quinn"
"2258",4,"Patrick Corbin"
"2259",4,"Ryan McMahon"
"2260",4,"Vince Velasquez"
"2261",4,"Jason Vargas"
"2262",4,"Adam Wainwright"
"2263",4,"Drew Butera"
"2264",4,"Cole Tucker"
"2265",4,"Jameson Taillon"
"2266",4,"Antonio Senzatela"
"2267",4,"JB Shuck"
"2268",4,"Bryan Reynolds"
"2269",4,"Yu Darvish"
"2270",4,"Thairo Estrada"
"2271",4,"Andrew Knapp"
"2272",4,"Phil Gosselin"
"2273",4,"Guillermo Heredia"
"2274",4,"Joey Wendle"
"2275",4,"Kevan Smith"
"2276",4,"Brian Goodwin"
"2277",4,"Lucas Duda"
"2278",4,"Tyler Chatwood"
"2279",4,"Gregory Polanco"
"2280",4,"Adrian Houser"
"2281",4,"Joe Musgrove"
"2282",4,"Elias Diaz"
"2283",4,"Tyler Anderson"
"2284",4,"Ronny Rodriguez"
"2285",4,"Lane Thomas"
"2286",4,"Merrill Kelly"
"2287",4,"Caleb Joseph"
"2288",4,"Todd Frazier"
"2289",4,"Sean Rodriguez"
"2290",4,"Dominic Smith"
"2291",4,"Cole Hamels"
"2292",4,"Jon Berti"
"2293",4,"Tony Kemp"
"2294",4,"Robinson Chirinos"
"2295",4,"Roberto Perez"
"2296",4,"Carlos Gonzalez"
"2297",4,"Caleb Smith"
"2298",4,"Francisco Lindor"
"2299",4,"Greg Allen"
"2300",4,"Jon Lester"
"2301",4,"Carter Kieboom"
"2302",4,"Madison Bumgarner"
"2303",4,"Kyle Hendricks"
"2304",4,"Luis Rengifo"
"2305",4,"Vladimir Guerrero Jr."
"2306",4,"J.A. Happ"
"2307",4,"Cameron Maybin"
"2308",4,"Taylor Davis"
"2309",4,"Isaac Galloway"
"2310",4,"Spencer Turnbull"
"2311",4,"Sandy Alcantara"
"2312",4,"Luis Castillo"
"2313",4,"CC Sabathia"
"2314",4,"Phillip Ervin"
"2315",4,"Walker Buehler"
"2316",4,"Drew Pomeranz"
"2317",4,"Nate Lowe"
"2318",4,"Jacob deGrom"
"2319",4,"Tomas Nido"
"2320",4,"Daniel Norris"
"2321",4,"Nicky Delmonico"
"2322",4,"Jose Rondon"
"2323",4,"Ryan Cordell"
"2324",4,"Nick Senzel"
"2325",4,"Aaron Altherr"
"2326",4,"Brett Anderson"
"2327",4,"Nick Williams"
"2328",4,"Nick Kingham"
"2329",4,"Jerad Eickhoff"
"2330",4,"Alex Dickerson"
"2331",4,"Ty France"
"2332",4,"Harold Castro"
"2333",4,"Brandon Dixon"
"2334",4,"Daniel Murphy"
"2335",4,"Jose Quintana"
"2336",4,"Zach Davies"
"2337",4,"Manny Pina"
"2338",4,"Stephen Vogt"
"2339",4,"Kelvin Gutierrez"
"2340",4,"Mike Gerber"
"2341",4,"Charlie Tilson"
"2342",4,"Nick Vincent"
"2343",4,"Anthony DeSclafani"
"2344",4,"Austin Wynns"
"2345",4,"Nick Ciuffo"
"2346",4,"Josh VanMeter"
"2347",4,"Shelby Miller"
"2348",4,"Mac Williamson"
"2349",4,"Adrian Sanchez"
"2350",4,"Miguel Andujar"
"2351",4,"Kyle Freeland"
"2352",4,"Stevie Wilkerson"
"2353",4,"Matt Wisler"
"2354",4,"Trevor Williams"
"2355",4,"J.P. Crawford"
"2356",4,"Austin Allen"
"2357",4,"Matt Olson"
"2358",4,"Max Scherzer"
"2359",4,"Kevin Newman"
"2360",4,"Jonathan Davis"
"2361",4,"Mike Foltynewicz"
"2362",4,"Chris Stratton"
"2363",4,"Michael Chavis"
"2364",4,"Willie Calhoun"
"2365",4,"Nicky Lopez"
"2366",4,"Jake Elmore"
"2367",4,"Austin Riley"
"2368",4,"Rich Hill"
"2369",4,"Brendan Rodgers"
"2370",4,"Tyler Mahle"
"2371",4,"Donovan Solano"
"2372",4,"Oscar Mercado"
"2373",4,"Jordan Luplow"
"2374",4,"Luis Arraez"
"2375",4,"Andrew Velazquez"
"2376",4,"Homer Bailey"
"2377",4,"Miguel Sano"
"2378",4,"Zack Godley"
"2379",4,"Kevin Cron"
"2380",4,"Keston Hiura"
"2381",4,"Steven Brault"
"2382",4,"Victor Caratini"
"2383",4,"Travis d'Arnaud"
"2384",4,"Mike Yastrzemski"
"2385",4,"Shohei Ohtani"
"2386",4,"Dustin Garneau"
"2387",4,"Dawel Lugo"
"2388",4,"Ryan Carpenter"
"2389",4,"Aaron Hicks"
"2390",4,"Seby Zavala"
"2391",4,"Skye Bolt"
"2392",4,"Keon Broxton"
"2393",4,"Kyle Seager"
"2394",4,"David Hess"
"2395",4,"Adeiny Hechavarria"
"2396",4,"Addison Russell"
"2397",4,"Jim Adduci"
"2398",4,"Carlos Gomez"
"2399",4,"Harold Ramirez"
"2400",4,"Jeff Hoffman"
"2401",4,"Genesis Cabrera"
"2402",4,"Matt Beaty"
"2403",4,"Cavan Biggio"
"2404",4,"Zack Wheeler"
"2405",4,"Elvis Luciano"
"2406",4,"Jared Walsh"
"2407",4,"DJ Stewart"
"2408",4,"Edwin Jackson"
"2409",4,"Will Smith"
"2410",4,"Myles Straw"
"2411",4,"Jack Mayfield"
"2412",4,"Braden Bishop"
"2413",4,"Josh Naylor"
"2414",4,"Garrett Stubbs"
"2415",4,"Adam Haseley"
"2416",4,"Aramis Garcia"
"2417",4,"Derek Fisher"
"2418",4,"Chance Sisco"
"2419",4,"Shed Long"
"2420",4,"Tyler Beede"
"2421",4,"Clayton Kershaw"
"2422",4,"Anthony Santander"
"2423",4,"Kyle Garlick"
"2424",4,"Trea Turner"
"2425",4,"Wilfredo Tovar"
"2426",4,"Ranger Suarez"
"2427",4,"Sam Travis"
"2428",4,"Yordan Alvarez"
"2429",4,"Victor Reyes"
"2430",4,"Erick Fedde"
"2431",4,"Dan Winkler"
"2432",4,"Touki Toussaint"
"2433",4,"Robbie Erlin"
"2434",4,"Sean Newcomb"
"2435",4,"Bobby Wilson"
"2436",4,"Beau Taylor"
"2437",4,"Chase Anderson"
"2438",4,"Justin Upton"
"2439",4,"Justin Verlander"
"2440",4,"Jordan Yamamoto"
"2441",4,"Dylan Floro"
"2442",4,"Yadiel Rivera"
"2443",4,"Zac Gallen"
"2444",4,"Cesar Puello"
"2445",4,"Michael Lorenzen"
"2446",4,"Giancarlo Stanton"
"2447",4,"Didi Gregorius"
"2448",4,"T.J. McFarland"
"2449",4,"Bryan Holaday"
"2450",4,"Taylor Clarke"
"2451",4,"Domingo Leyba"
"2452",4,"Elieser Hernandez"
"2453",4,"Wilkin Castillo"
"2454",4,"Michael Brosseau"
"2455",4,"Bobby Bradley"
"2456",4,"Zack Collins"
"2457",4,"Jon Jay"
"2458",4,"Cheslor Cuthbert"
"2459",4,"Jose Osuna"
"2460",4,"Humberto Arteaga"
"2461",4,"Chris Bassitt"
"2462",4,"Cam Gallagher"
"2463",4,"Daniel Mengden"
"2464",4,"Peter Lambert"
"2465",4,"Jacob Stallings"
"2466",4,"Tommy Edman"
"2467",4,"Phil Maton"
"2468",4,"Logan Allen"
"2469",4,"Austin Nola"
"2470",4,"Alex Young"
"2471",4,"Dallas Keuchel"
"2472",4,NA
"2473",4,"Franklin Barreto"
"2474",4,"Domingo German"
"2475",4,"Rangel Ravelo"
"2476",4,"Edwin Rios"
"2477",4,"Scooter Gennett"
"2478",4,"Jarrett Parker"
"2479",4,"Shane Bieber"
"2480",4,"Luis Guillorme"
"2481",4,"Jack Flaherty"
"2482",4,"Austin Slater"
"2483",5,"Jose Abreu"
"2484",5,"Yoan Moncada"
"2485",5,"Leury Garcia"
"2486",5,"Mallex Smith"
"2487",5,"Tim Beckham"
"2488",5,"Ryon Healy"
"2489",5,"Jay Bruce"
"2490",5,"Maikel Franco"
"2491",5,"Cesar Hernandez"
"2492",5,"Odubel Herrera"
"2493",5,"J.T. Realmuto"
"2494",5,"Rhys Hoskins"
"2495",5,"Tyler White"
"2496",5,"Yuli Gurriel"
"2497",5,"Michael Brantley"
"2498",5,"Alex Bregman"
"2499",5,"Jose Altuve"
"2500",5,"George Springer"
"2501",5,"Jake Marisnick"
"2502",5,"Aledmys Diaz"
"2503",5,"Robinson Chirinos"
"2504",5,"Joc Pederson"
"2505",5,"Corey Seager"
"2506",5,"A.J. Pollock"
"2507",5,"Hyun-Jin Ryu"
"2508",5,"Justin Turner"
"2509",5,"Enrique Hernandez"
"2510",5,"Max Muncy"
"2511",5,"Russell Martin"
"2512",5,"Cody Bellinger"
"2513",5,"Austin Barnes"
"2514",5,"Jeimer Candelario"
"2515",5,"Miguel Cabrera"
"2516",5,"Avisail Garcia"
"2517",5,"Nicholas Castellanos"
"2518",5,"Yandy Diaz"
"2519",5,"Ji-Man Choi"
"2520",5,"Tommy Pham"
"2521",5,"Josh Harrison"
"2522",5,"Mikie Mahtook"
"2523",5,"Jordy Mercer"
"2524",5,"Ian Desmond"
"2525",5,"David Dahl"
"2526",5,"Trevor Story"
"2527",5,"Nolan Arenado"
"2528",5,"Raimel Tapia"
"2529",5,"Chris Iannetta"
"2530",5,"Garrett Hampson"
"2531",5,"Mitch Garver"
"2532",5,"Jonathan Schoop"
"2533",5,"Edwin Encarnacion"
"2534",5,"Domingo Santana"
"2535",5,"Mitch Haniger"
"2536",5,"Dee Gordon"
"2537",5,"Dylan Moore"
"2538",5,"Tom Murphy"
"2539",5,"Tony Kemp"
"2540",5,"Josh Reddick"
"2541",5,"Rio Ruiz"
"2542",5,"Renato Nunez"
"2543",5,"Trey Mancini"
"2544",5,"Dwight Smith Jr."
"2545",5,"Jonathan Villar"
"2546",5,"Richie Martin"
"2547",5,"Greg Bird"
"2548",5,"Gary Sanchez"
"2549",5,"Miguel Andujar"
"2550",5,"Luke Voit"
"2551",5,"Giancarlo Stanton"
"2552",5,"Aaron Judge"
"2553",5,"Brett Gardner"
"2554",5,"DJ LeMahieu"
"2555",5,"Josh Bell"
"2556",5,"Gleyber Torres"
"2557",5,"Corey Dickerson"
"2558",5,"Starling Marte"
"2559",5,"Adam Frazier"
"2560",5,"Bryce Harper"
"2561",5,"Pablo Reyes"
"2562",5,"Jean Segura"
"2563",5,"Andrew McCutchen"
"2564",5,"Erik Gonzalez"
"2565",5,"Nick Williams"
"2566",5,"Melky Cabrera"
"2567",5,"Jung Ho Kang"
"2568",5,"Austin Meadows"
"2569",5,"Daniel Robertson"
"2570",5,"Willy Adames"
"2571",5,"Grayson Greiner"
"2572",5,"Jake Arrieta"
"2573",5,"Marcell Ozuna"
"2574",5,"Jose Martinez"
"2575",5,"Paul Goldschmidt"
"2576",5,"Matt Carpenter"
"2577",5,"Michael Wacha"
"2578",5,"Harrison Bader"
"2579",5,"Kolten Wong"
"2580",5,"Yadier Molina"
"2581",5,"Paul DeJong"
"2582",5,"J.D. Davis"
"2583",5,"Robinson Cano"
"2584",5,"Pete Alonso"
"2585",5,"Amed Rosario"
"2586",5,"Cedric Mullins"
"2587",5,"Brandon Nimmo"
"2588",5,"Juan Lagares"
"2589",5,"Dominic Smith"
"2590",5,"Jesus Sucre"
"2591",5,"Nick Hundley"
"2592",5,"Ramon Laureano"
"2593",5,"Jurickson Profar"
"2594",5,"Chad Pinder"
"2595",5,"Chris Davis"
"2596",5,"Kendrys Morales"
"2597",5,"Khris Davis"
"2598",5,"Stephen Piscotty"
"2599",5,"Matt Chapman"
"2600",5,"Eloy Jimenez"
"2601",5,"Yonder Alonso"
"2602",5,"Ryan Cordell"
"2603",5,"Yolmer Sanchez"
"2604",5,"Jonathan Lucroy"
"2605",5,"Tommy La Stella"
"2606",5,"Welington Castillo"
"2607",5,"Albert Pujols"
"2608",5,"Anthony Rizzo"
"2609",5,"Andrelton Simmons"
"2610",5,"Daniel Palka"
"2611",5,"Kris Bryant"
"2612",5,"Albert Almora Jr."
"2613",5,"Justin Bour"
"2614",5,"Mike Trout"
"2615",5,"Mark Zagunis"
"2616",5,"Adam Engel"
"2617",5,"Kyle Hendricks"
"2618",5,"Jose Rondon"
"2619",5,"Kole Calhoun"
"2620",5,"Jason Heyward"
"2621",5,"David Fletcher"
"2622",5,"Brian Goodwin"
"2623",5,"David Bote"
"2624",5,"Willson Contreras"
"2625",5,"Javier Baez"
"2626",5,"Alex Avila"
"2627",5,"Nick Ahmed"
"2628",5,"Ketel Marte"
"2629",5,"Christian Walker"
"2630",5,"David Peralta"
"2631",5,"Wilmer Flores"
"2632",5,"Eduardo Escobar"
"2633",5,"Adam Jones"
"2634",5,"Merrill Kelly"
"2635",5,"Manny Machado"
"2636",5,"Eric Hosmer"
"2637",5,"Ian Kinsler"
"2638",5,"Wil Myers"
"2639",5,"Jesus Aguilar"
"2640",5,"Christian Yelich"
"2641",5,"Lorenzo Cain"
"2642",5,"Eric Thames"
"2643",5,"Hanser Alberto"
"2644",5,"Joey Rickard"
"2645",5,"Orlando Arcia"
"2646",5,"Ben Gamel"
"2647",5,"Yasmani Grandal"
"2648",5,"Marwin Gonzalez"
"2649",5,"C.J. Cron"
"2650",5,"Eddie Rosario"
"2651",5,"Charlie Blackmon"
"2652",5,"Nelson Cruz"
"2653",5,"Pat Valaika"
"2654",5,"Mark Reynolds"
"2655",5,"Willians Astudillo"
"2656",5,"Ryan McMahon"
"2657",5,"Asdrubal Cabrera"
"2658",5,"Joey Gallo"
"2659",5,"Nomar Mazara"
"2660",5,"Fernando Tatis Jr."
"2661",5,"Elvis Andrus"
"2662",5,"Rougned Odor"
"2663",5,"Hunter Renfroe"
"2664",5,"Manuel Margot"
"2665",5,"Shin-Soo Choo"
"2666",5,"Jeff Mathis"
"2667",5,"Tyler Austin"
"2668",5,"Ronald Guzman"
"2669",5,"Franchy Cordero"
"2670",5,"Ehire Adrianza"
"2671",5,"Jake Cave"
"2672",5,"Marcus Semien"
"2673",5,"Leonys Martin"
"2674",5,"Robbie Grossman"
"2675",5,"Eric Stamets"
"2676",5,"Tyler Naquin"
"2677",5,"Roberto Perez"
"2678",5,"Josh Phegley"
"2679",5,"Billy McKinney"
"2680",5,"Danny Jansen"
"2681",5,"Ben Zobrist"
"2682",5,"Kyle Schwarber"
"2683",5,"Rowdy Tellez"
"2684",5,"Mark Canha"
"2685",5,"Randal Grichuk"
"2686",5,"Socrates Brito"
"2687",5,"Greg Allen"
"2688",5,"Daniel Descalso"
"2689",5,"Tyler Wade"
"2690",5,"Francisco Cervelli"
"2691",5,"Jordan Lyles"
"2692",5,"Kevin Newman"
"2693",5,"JB Shuck"
"2694",5,"Kevin Plawecki"
"2695",5,"Brad Miller"
"2696",5,"Hanley Ramirez"
"2697",5,"Freddie Freeman"
"2698",5,"Josh Donaldson"
"2699",5,"Ender Inciarte"
"2700",5,"Carlos Santana"
"2701",5,"Brandon Crawford"
"2702",5,"Buster Posey"
"2703",5,"Evan Longoria"
"2704",5,"Brandon Belt"
"2705",5,"Steven Duggar"
"2706",5,"Dereck Rodriguez"
"2707",5,"Joe Panik"
"2708",5,"Kevin Pillar"
"2709",5,"Gerardo Parra"
"2710",5,"Justin Smoak"
"2711",5,"Teoscar Hernandez"
"2712",5,"Freddy Galvis"
"2713",5,"Lourdes Gurriel Jr."
"2714",5,"Jordan Luplow"
"2715",5,"Jose Ramirez"
"2716",5,"Mookie Betts"
"2717",5,"Tzu-Wei Lin"
"2718",5,"J.D. Martinez"
"2719",5,"Tyler Flowers"
"2720",5,"Jake Bauers"
"2721",5,"Johan Camargo"
"2722",5,"Nick Markakis"
"2723",5,"Christin Stewart"
"2724",5,"Niko Goodrum"
"2725",5,"Max Moroff"
"2726",5,"Starlin Castro"
"2727",5,"Neil Walker"
"2728",5,"Brian Anderson"
"2729",5,"Curtis Granderson"
"2730",5,"Sandy Alcantara"
"2731",5,"Peter O'Brien"
"2732",5,"Cole Hamels"
"2733",5,"Lewis Brinson"
"2734",5,"Victor Caratini"
"2735",5,"JT Riddle"
"2736",5,"Jorge Alfaro"
"2737",5,"Jason Martin"
"2738",5,"Rosell Herrera"
"2739",5,"Chad Wallach"
"2740",5,"Adam Wainwright"
"2741",5,"Richard Urena"
"2742",5,"Alen Hanson"
"2743",5,"Dexter Fowler"
"2744",5,"Martin Prado"
"2745",5,"Miguel Rojas"
"2746",5,"Caleb Smith"
"2747",5,"Tim Anderson"
"2748",5,"Omar Narvaez"
"2749",5,"Daniel Vogelbach"
"2750",5,"James McCann"
"2751",5,"Pablo Sandoval"
"2752",5,"Chris Owings"
"2753",5,"Hunter Dozier"
"2754",5,"Ryan O'Hearn"
"2755",5,"Jorge Soler"
"2756",5,"Alex Gordon"
"2757",5,"Adalberto Mondesi"
"2758",5,"Whit Merrifield"
"2759",5,"Wilson Ramos"
"2760",5,"Travis d'Arnaud"
"2761",5,"Jeff McNeil"
"2762",5,"Michael Conforto"
"2763",5,"Hunter Pence"
"2764",5,"Patrick Wisdom"
"2765",5,"Logan Forsythe"
"2766",5,"Delino DeShields"
"2767",5,"Isiah Kiner-Falefa"
"2768",5,"Matt Kemp"
"2769",5,"Joey Votto"
"2770",5,"Jacob Stallings"
"2771",5,"Jesse Winker"
"2772",5,"Jose Peraza"
"2773",5,"Jose Iglesias"
"2774",5,"Max Stassi"
"2775",5,"Carlos Correa"
"2776",5,"Trevor Richards"
"2777",5,"John Gant"
"2778",5,"Matt Wieters"
"2779",5,"Blake Swihart"
"2780",5,"Jackie Bradley Jr."
"2781",5,"Dustin Pedroia"
"2782",5,"Mike Zunino"
"2783",5,"Guillermo Heredia"
"2784",5,"Austin Hedges"
"2785",5,"Martin Maldonado"
"2786",5,"Lucas Duda"
"2787",5,"Franmil Reyes"
"2788",5,"Alex Verdugo"
"2789",5,"Kevin Kiermaier"
"2790",5,"Julio Urias"
"2791",5,"Brandon Lowe"
"2792",5,"Zack Wheeler"
"2793",5,"Keon Broxton"
"2794",5,"Ildemaro Vargas"
"2795",5,"Carson Kelly"
"2796",5,"Mike Moustakas"
"2797",5,"Zack Cozart"
"2798",5,"Ryan Braun"
"2799",5,"Brandon Drury"
"2800",5,"Pedro Severino"
"2801",5,"Luke Maile"
"2802",5,"Corey Oswalt"
"2803",5,"Carlos Gonzalez"
"2804",5,"Francisco Mejia"
"2805",5,"Manny Pina"
"2806",5,"Travis Shaw"
"2807",5,"Hernan Perez"
"2808",5,"Christian Vazquez"
"2809",5,"Rafael Devers"
"2810",5,"Eduardo Nunez"
"2811",5,"Xander Bogaerts"
"2812",5,"Steve Pearce"
"2813",5,"Andrew Benintendi"
"2814",5,"Jorge Polanco"
"2815",5,"Byron Buxton"
"2816",5,"Yasiel Puig"
"2817",5,"Luis Urias"
"2818",5,"Eugenio Suarez"
"2819",5,"Curt Casali"
"2820",5,"Michael Lorenzen"
"2821",5,"Kyle Farmer"
"2822",5,"Scott Schebler"
"2823",5,"Joey Lucchesi"
"2824",5,"Luis Castillo"
"2825",5,"Ozzie Albies"
"2826",5,"Paul Sewald"
"2827",5,"Scott Kingery"
"2828",5,"Josh Fuentes"
"2829",5,"Tony Wolters"
"2830",5,"Andrew Knapp"
"2831",5,"Drew Gagnon"
"2832",5,"Kenta Maeda"
"2833",5,"Rocky Gale"
"2834",5,"Chris Taylor"
"2835",5,"David Freese"
"2836",5,"Aaron Altherr"
"2837",5,"Danny Santana"
"2838",5,"Nick Pivetta"
"2839",5,"Ronald Acuna Jr."
"2840",5,"Jason Castro"
"2841",5,"Clint Frazier"
"2842",5,"Matt Joyce"
"2843",5,"Michael Perez"
"2844",5,"Dansby Swanson"
"2845",5,"Charlie Culberson"
"2846",5,"Peter Bourjos"
"2847",5,"Kevan Smith"
"2848",5,"Derek Dietrich"
"2849",5,"Anthony Rendon"
"2850",5,"Adam Eaton"
"2851",5,"Victor Robles"
"2852",5,"Anthony DeSclafani"
"2853",5,"Eric Sogard"
"2854",5,"Mike Tauchman"
"2855",5,"Austin Romine"
"2856",5,"Gio Urshela"
"2857",5,"John Ryan Murphy"
"2858",5,"Mike Ford"
"2859",5,"Francisco Lindor"
"2860",5,"Mike Freeman"
"2861",5,"Sandy Leon"
"2862",5,"Phil Gosselin"
"2863",5,"Roman Quinn"
"2864",5,"Aaron Nola"
"2865",5,"Michael Chavis"
"2866",5,"Tucker Barnhart"
"2867",5,"Brandon Woodruff"
"2868",5,"Jon Gray"
"2869",5,"Mitch Moreland"
"2870",5,"Lane Thomas"
"2871",5,"Drew Robinson"
"2872",5,"Joey Wendle"
"2873",5,"Gregory Polanco"
"2874",5,"Billy Hamilton"
"2875",5,"Max Kepler"
"2876",5,"Joe Musgrove"
"2877",5,"Elias Diaz"
"2878",5,"Bryan Reynolds"
"2879",5,"Dustin Peterson"
"2880",5,"Colin Moran"
"2881",5,"Ronny Rodriguez"
"2882",5,"Juan Soto"
"2883",5,"Wilmer Difo"
"2884",5,"Patrick Corbin"
"2885",5,"Brian Dozier"
"2886",5,"Yan Gomes"
"2887",5,"Ryan Zimmerman"
"2888",5,"Howie Kendrick"
"2889",5,"Chris Paddack"
"2890",5,"Terrance Gore"
"2891",5,"Cam Gallagher"
"2892",5,"JaCoby Jones"
"2893",5,"Jose Urena"
"2894",5,"Max Fried"
"2895",5,"Carter Kieboom"
"2896",5,"Jon Berti"
"2897",5,"Max Scherzer"
"2898",5,"Sean Rodriguez"
"2899",5,"Isaac Galloway"
"2900",5,"Luis Rengifo"
"2901",5,"Cole Tucker"
"2902",5,"Dakota Hudson"
"2903",5,"Tyler Chatwood"
"2904",5,"Tomas Nido"
"2905",5,"Yangervis Solarte"
"2906",5,"Todd Frazier"
"2907",5,"Michael A. Taylor"
"2908",5,"Kurt Suzuki"
"2909",5,"Kelvin Gutierrez"
"2910",5,"Nate Lowe"
"2911",5,"Cameron Maybin"
"2912",5,"Jarrod Dyson"
"2913",5,"Caleb Joseph"
"2914",5,"Daniel Murphy"
"2915",5,"Donnie Hart"
"2916",5,"Ty France"
"2917",5,"Matt Strahm"
"2918",5,"Noah Syndergaard"
"2919",5,"Mike Foltynewicz"
"2920",5,"Nicky Delmonico"
"2921",5,"Gordon Beckham"
"2922",5,"Stevie Wilkerson"
"2923",5,"Eric Lauer"
"2924",5,"Jeremy Hellickson"
"2925",5,"Matt Adams"
"2926",5,"Taylor Ward"
"2927",5,"Adeiny Hechavarria"
"2928",5,"Matt Beaty"
"2929",5,"Andrew Stevenson"
"2930",5,"Adrian Sanchez"
"2931",5,"Braden Bishop"
"2932",5,"Jason Kipnis"
"2933",5,"Tim Locastro"
"2934",5,"Thairo Estrada"
"2935",5,"Shohei Ohtani"
"2936",5,"Matt Olson"
"2937",5,"Madison Bumgarner"
"2938",5,"Mac Williamson"
"2939",5,"Yairo Munoz"
"2940",5,"Jedd Gyorko"
"2941",5,"Jack Flaherty"
"2942",5,"Wilmer Font"
"2943",5,"Charlie Tilson"
"2944",5,"Austin Allen"
"2945",5,"Greg Garcia"
"2946",5,"Nick Margevicius"
"2947",5,"Erik Kratz"
"2948",5,"Jake Elmore"
"2949",5,"Oscar Mercado"
"2950",5,"Keston Hiura"
"2951",5,"Willie Calhoun"
"2952",5,"Garrett Cooper"
"2953",5,"Austin Wynns"
"2954",5,"Donovan Solano"
"2955",5,"Stephen Vogt"
"2956",5,"Austin Riley"
"2957",5,"Vladimir Guerrero Jr."
"2958",5,"Aaron Hicks"
"2959",5,"Walker Buehler"
"2960",5,"Andrew Velazquez"
"2961",5,"Chad Bettis"
"2962",5,"Kyle Freeland"
"2963",5,"Trea Turner"
"2964",5,"Zack Greinke"
"2965",5,"Addison Russell"
"2966",5,"Nick Senzel"
"2967",5,"Josh VanMeter"
"2968",5,"Eric Haase"
"2969",5,"Brandon Dixon"
"2970",5,"John Hicks"
"2971",5,"Jeff Hoffman"
"2972",5,"Brendan Rodgers"
"2973",5,"John Means"
"2974",5,"Chase Anderson"
"2975",5,"Dawel Lugo"
"2976",5,"Phil Maton"
"2977",5,"Josh Naylor"
"2978",5,"Nicky Lopez"
"2979",5,"Miguel Sano"
"2980",5,"Yu Darvish"
"2981",5,"Mike Yastrzemski"
"2982",5,"Harold Ramirez"
"2983",5,"Austin Dean"
"2984",5,"Derek Fisher"
"2985",5,"Jack Mayfield"
"2986",5,"Jonathan Davis"
"2987",5,"Cavan Biggio"
"2988",5,"Jacob deGrom"
"2989",5,"Jose Osuna"
"2990",5,"Anibal Sanchez"
"2991",5,"Kevin Cron"
"2992",5,"Robbie Ray"
"2993",5,"Carlos Gomez"
"2994",5,"Javy Guerra"
"2995",5,"Tyler Mahle"
"2996",5,"Bryan Holaday"
"2997",5,"Cole Irvin"
"2998",5,"Cesar Puello"
"2999",5,"Aaron Sanchez"
"3000",5,"Kyle Seager"
"3001",5,"Brock Holt"
"3002",5,"Adam Haseley"
"3003",5,"Will Smith"
"3004",5,"Shed Long"
"3005",5,"Sam Travis"
"3006",5,"Harold Castro"
"3007",5,"Aramis Garcia"
"3008",5,"Zach Eflin"
"3009",5,"Drew Pomeranz"
"3010",5,"Didi Gregorius"
"3011",5,"Anthony Santander"
"3012",5,"Marco Hernandez"
"3013",5,"Tim Federowicz"
"3014",5,"Alex McRae"
"3015",5,"Taylor Clarke"
"3016",5,"Chance Sisco"
"3017",5,"Victor Reyes"
"3018",5,"Wilfredo Tovar"
"3019",5,"Kyle Garlick"
"3020",5,"Jon Lester"
"3021",5,"Yordan Alvarez"
"3022",5,"Cal Quantrill"
"3023",5,"Jesse Chavez"
"3024",5,"Shelby Miller"
"3025",5,"Josh Tomlin"
"3026",5,"Brian McCann"
"3027",5,"Jorge Bonifacio"
"3028",5,"Cheslor Cuthbert"
"3029",5,"Justin Upton"
"3030",5,"Shaun Anderson"
"3031",5,"Garrett Stubbs"
"3032",5,"Gerrit Cole"
"3033",5,"Adrian Houser"
"3034",5,"Zach Davies"
"3035",5,"Luis Arraez"
"3036",5,"Phillip Ervin"
"3037",5,"Alex Dickerson"
"3038",5,"J.P. Crawford"
"3039",5,"Jordan Yamamoto"
"3040",5,"Mike Soroka"
"3041",5,"Humberto Arteaga"
"3042",5,"Bobby Bradley"
"3043",5,"Marco Gonzales"
"3044",5,"Bobby Wilson"
"3045",5,"Austin Nola"
"3046",5,"Yu Chang"
"3047",5,"Scooter Gennett"
"3048",5,"Tommy Edman"
"3049",5,"Tyler O'Neill"
"3050",5,"Tyler Saladino"
"3051",5,"Edwin Rios"
"3052",5,"German Marquez"
"3053",5,"Tyler Beede"
"3054",5,"Austin Slater"
"3055",5,"Steven Brault"
"3056",5,"Michael Brosseau"
"3057",5,"Jarrett Parker"
"3058",5,"Brad Keller"
"3059",5,"Jake Lamb"
"3060",5,"Trevor Bauer"
"3061",5,NA
"3062",6,"Mallex Smith"
"3063",6,"Tim Beckham"
"3064",6,"Ryon Healy"
"3065",6,"Dylan Moore"
"3066",6,"Rougned Odor"
"3067",6,"Delino DeShields"
"3068",6,"Matt Adams"
"3069",6,"Jeff Mathis"
"3070",6,"Jose Martinez"
"3071",6,"Dexter Fowler"
"3072",6,"John Ryan Murphy"
"3073",6,"Ryan Zimmerman"
"3074",6,"Nick Ahmed"
"3075",6,"Adam Frazier"
"3076",6,"Yadier Molina"
"3077",6,"Ketel Marte"
"3078",6,"Juan Soto"
"3079",6,"Jesus Aguilar"
"3080",6,"Christian Walker"
"3081",6,"Travis Shaw"
"3082",6,"David Peralta"
"3083",6,"Ryan Braun"
"3084",6,"Christian Yelich"
"3085",6,"Wilmer Flores"
"3086",6,"Nolan Arenado"
"3087",6,"Daniel Murphy"
"3088",6,"Marcell Ozuna"
"3089",6,"Tucker Barnhart"
"3090",6,"Paul DeJong"
"3091",6,"Ronald Guzman"
"3092",6,"Jose Peraza"
"3093",6,"Charlie Blackmon"
"3094",6,"Paul Goldschmidt"
"3095",6,"Eduardo Escobar"
"3096",6,"Brandon Lowe"
"3097",6,"Asdrubal Cabrera"
"3098",6,"Ender Inciarte"
"3099",6,"Ji-Man Choi"
"3100",6,"Lorenzo Cain"
"3101",6,"Scott Schebler"
"3102",6,"Gary Sanchez"
"3103",6,"Nomar Mazara"
"3104",6,"Starlin Castro"
"3105",6,"Adam Jones"
"3106",6,"Eric Thames"
"3107",6,"Brian Anderson"
"3108",6,"Tommy Pham"
"3109",6,"Matt Joyce"
"3110",6,"Matt Koch"
"3111",6,"Orlando Arcia"
"3112",6,"Austin Meadows"
"3113",6,"Yasmani Grandal"
"3114",6,"Josh Harrison"
"3115",6,"Mikie Mahtook"
"3116",6,"Lewis Brinson"
"3117",6,"Dansby Swanson"
"3118",6,"Matt Carpenter"
"3119",6,"Neil Walker"
"3120",6,"Brian McCann"
"3121",6,"Jordy Mercer"
"3122",6,"Miguel Andujar"
"3123",6,"Grayson Greiner"
"3124",6,"Pete Alonso"
"3125",6,"Ozzie Albies"
"3126",6,"Christin Stewart"
"3127",6,"Tyler O'Neill"
"3128",6,"Luke Voit"
"3129",6,"Niko Goodrum"
"3130",6,"Harrison Bader"
"3131",6,"Kolten Wong"
"3132",6,"Giancarlo Stanton"
"3133",6,"Jurickson Profar"
"3134",6,"Rosell Herrera"
"3135",6,"Khris Davis"
"3136",6,"Miguel Rojas"
"3137",6,"Stephen Piscotty"
"3138",6,"Matt Chapman"
"3139",6,"Jorge Alfaro"
"3140",6,"Daniel Palka"
"3141",6,"Justin Bour"
"3142",6,"Jeimer Candelario"
"3143",6,"Martin Prado"
"3144",6,"Jordan Luplow"
"3145",6,"Mike Trout"
"3146",6,"Garrett Cooper"
"3147",6,"Eloy Jimenez"
"3148",6,"Aaron Judge"
"3149",6,"Max Scherzer"
"3150",6,"Kole Calhoun"
"3151",6,"Yonder Alonso"
"3152",6,"Miguel Cabrera"
"3153",6,"Jose Ramirez"
"3154",6,"Peter Bourjos"
"3155",6,"Leonys Martin"
"3156",6,"Jose Iglesias"
"3157",6,"Martin Maldonado"
"3158",6,"Brian Dozier"
"3159",6,"Nicholas Castellanos"
"3160",6,"Jonathan Lucroy"
"3161",6,"Hunter Dozier"
"3162",6,"Brett Gardner"
"3163",6,"Troy Tulowitzki"
"3164",6,"Eddie Rosario"
"3165",6,"Yan Gomes"
"3166",6,"Chris Owings"
"3167",6,"Gleyber Torres"
"3168",6,"Frank Schwindel"
"3169",6,"Greg Allen"
"3170",6,"Jorge Soler"
"3171",6,"Eugenio Suarez"
"3172",6,"Brad Miller"
"3173",6,"Bryce Harper"
"3174",6,"JT Riddle"
"3175",6,"Alex Gordon"
"3176",6,"Roberto Perez"
"3177",6,"Kyle Freeland"
"3178",6,"Yasiel Puig"
"3179",6,"Jean Segura"
"3180",6,"Jake Bauers"
"3181",6,"Adalberto Mondesi"
"3182",6,"Chris Iannetta"
"3183",6,"Andrew McCutchen"
"3184",6,"Justin Smoak"
"3185",6,"Anthony Rendon"
"3186",6,"Whit Merrifield"
"3187",6,"Teoscar Hernandez"
"3188",6,"Jose Abreu"
"3189",6,"Trea Turner"
"3190",6,"Randal Grichuk"
"3191",6,"Yoan Moncada"
"3192",6,"Brandon Drury"
"3193",6,"Leury Garcia"
"3194",6,"Jhoulys Chacin"
"3195",6,"Josh Bell"
"3196",6,"Ian Desmond"
"3197",6,"Yolmer Sanchez"
"3198",6,"Adam Eaton"
"3199",6,"Aaron Nola"
"3200",6,"Corey Dickerson"
"3201",6,"Hanley Ramirez"
"3202",6,"Billy Hamilton"
"3203",6,"David Dahl"
"3204",6,"Carlos Santana"
"3205",6,"Victor Robles"
"3206",6,"Dee Gordon"
"3207",6,"Trevor Story"
"3208",6,"Melky Cabrera"
"3209",6,"Maikel Franco"
"3210",6,"Miles Mikolas"
"3211",6,"Freddy Galvis"
"3212",6,"Cesar Hernandez"
"3213",6,"David Freitas"
"3214",6,"Danny Jansen"
"3215",6,"Odubel Herrera"
"3216",6,"Tyler Naquin"
"3217",6,"J.T. Realmuto"
"3218",6,"Joey Votto"
"3219",6,"Jesse Winker"
"3220",6,"Rowdy Tellez"
"3221",6,"Tommy La Stella"
"3222",6,"Rhys Hoskins"
"3223",6,"Luis Castillo"
"3224",6,"Jay Bruce"
"3225",6,"Zack Cozart"
"3226",6,"James McCann"
"3227",6,"Edwin Encarnacion"
"3228",6,"Tim Anderson"
"3229",6,"Mike Moustakas"
"3230",6,"Greg Bird"
"3231",6,"Jameson Taillon"
"3232",6,"Erik Gonzalez"
"3233",6,"Kevin Pillar"
"3234",6,"Lourdes Gurriel Jr."
"3235",6,"Albert Pujols"
"3236",6,"Ryan McMahon"
"3237",6,"Eric Stamets"
"3238",6,"Andrelton Simmons"
"3239",6,"JB Shuck"
"3240",6,"Domingo Santana"
"3241",6,"Jung Ho Kang"
"3242",6,"Jose Urena"
"3243",6,"Mitch Haniger"
"3244",6,"Francisco Cervelli"
"3245",6,"Jarrod Dyson"
"3246",6,"Carson Kelly"
"3247",6,"Alex Avila"
"3248",6,"Jake Lamb"
"3249",6,"Ben Gamel"
"3250",6,"Mitch Moreland"
"3251",6,"Jackie Bradley Jr."
"3252",6,"Blake Swihart"
"3253",6,"Rafael Devers"
"3254",6,"Brian Goodwin"
"3255",6,"David Fletcher"
"3256",6,"Curtis Granderson"
"3257",6,"Andrew Benintendi"
"3258",6,"Erik Kratz"
"3259",6,"Christian Vazquez"
"3260",6,"Steven Duggar"
"3261",6,"Connor Joe"
"3262",6,"Mike Zunino"
"3263",6,"Willy Adames"
"3264",6,"Sam Travis"
"3265",6,"Eduardo Nunez"
"3266",6,"Robbie Grossman"
"3267",6,"Nick Hundley"
"3268",6,"Ramon Laureano"
"3269",6,"Brandon Crawford"
"3270",6,"Marcus Semien"
"3271",6,"Evan Longoria"
"3272",6,"Kendrys Morales"
"3273",6,"Luke Maile"
"3274",6,"Billy McKinney"
"3275",6,"Kurt Suzuki"
"3276",6,"Willson Contreras"
"3277",6,"Kyle Schwarber"
"3278",6,"Javier Baez"
"3279",6,"Anthony Rizzo"
"3280",6,"Andrew Stevenson"
"3281",6,"Mookie Betts"
"3282",6,"Gordon Beckham"
"3283",6,"Yairo Munoz"
"3284",6,"Dustin Peterson"
"3285",6,"Francisco Mejia"
"3286",6,"Franmil Reyes"
"3287",6,"C.J. Cron"
"3288",6,"Fernando Tatis Jr."
"3289",6,"Jorge Polanco"
"3290",6,"Tyler Flowers"
"3291",6,"Max Kepler"
"3292",6,"Byron Buxton"
"3293",6,"Nick Markakis"
"3294",6,"Ronald Acuna Jr."
"3295",6,"Ildemaro Vargas"
"3296",6,"Chad Wallach"
"3297",6,"Richard Urena"
"3298",6,"Max Moroff"
"3299",6,"Manuel Margot"
"3300",6,"Michael Conforto"
"3301",6,"Aaron Altherr"
"3302",6,"Robinson Cano"
"3303",6,"Greg Garcia"
"3304",6,"Brandon Nimmo"
"3305",6,"Johan Camargo"
"3306",6,"Yangervis Solarte"
"3307",6,"Josh Phegley"
"3308",6,"Michael Reed"
"3309",6,"Hunter Renfroe"
"3310",6,"Wil Myers"
"3311",6,"Garrett Hampson"
"3312",6,"Noah Syndergaard"
"3313",6,"Manny Machado"
"3314",6,"J.D. Davis"
"3315",6,"Amed Rosario"
"3316",6,"Joe Panik"
"3317",6,"Gerardo Parra"
"3318",6,"Brandon Belt"
"3319",6,"Jeff McNeil"
"3320",6,"Zack Godley"
"3321",6,"Wilson Ramos"
"3322",6,"Buster Posey"
"3323",6,"Dakota Hudson"
"3324",6,"Tyler Anderson"
"3325",6,"DJ LeMahieu"
"3326",6,"Mark Canha"
"3327",6,"Ryan O'Hearn"
"3328",6,"Kris Bryant"
"3329",6,"Ben Zobrist"
"3330",6,"Victor Caratini"
"3331",6,"Albert Almora Jr."
"3332",6,"Renato Nunez"
"3333",6,"Daniel Vogelbach"
"3334",6,"Kyle Farmer"
"3335",6,"Trey Mancini"
"3336",6,"Dwight Smith Jr."
"3337",6,"Jonathan Villar"
"3338",6,"Richie Martin"
"3339",6,"Hernan Perez"
"3340",6,"Pedro Severino"
"3341",6,"Xander Bogaerts"
"3342",6,"Chad Pinder"
"3343",6,"Chris Davis"
"3344",6,"Josh Donaldson"
"3345",6,"Joey Rickard"
"3346",6,"Rio Ruiz"
"3347",6,"Kevan Smith"
"3348",6,"Manny Pina"
"3349",6,"Lucas Duda"
"3350",6,"Juan Lagares"
"3351",6,"Tomas Nido"
"3352",6,"Kevin Plawecki"
"3353",6,"Keon Broxton"
"3354",6,"Starling Marte"
"3355",6,"John Hicks"
"3356",6,"Sandy Alcantara"
"3357",6,"Omar Narvaez"
"3358",6,"Peter O'Brien"
"3359",6,"Willians Astudillo"
"3360",6,"Luke Weaver"
"3361",6,"Jonathan Schoop"
"3362",6,"Marwin Gonzalez"
"3363",6,"Zack Wheeler"
"3364",6,"Patrick Corbin"
"3365",6,"Nelson Cruz"
"3366",6,"Mark Zagunis"
"3367",6,"Curt Casali"
"3368",6,"Colin Moran"
"3369",6,"Freddie Freeman"
"3370",6,"Chris Taylor"
"3371",6,"Adam Engel"
"3372",6,"Cody Bellinger"
"3373",6,"Jon Duplantier"
"3374",6,"Max Muncy"
"3375",6,"Jose Rondon"
"3376",6,"A.J. Pollock"
"3377",6,"Welington Castillo"
"3378",6,"J.D. Martinez"
"3379",6,"Joey Gallo"
"3380",6,"Daniel Descalso"
"3381",6,"Jason Heyward"
"3382",6,"Pablo Reyes"
"3383",6,"Drew Robinson"
"3384",6,"Merrill Kelly"
"3385",6,"Drew Pomeranz"
"3386",6,"Steven Matz"
"3387",6,"Adam Wainwright"
"3388",6,"Cedric Mullins"
"3389",6,"Jesus Sucre"
"3390",6,"Yuli Gurriel"
"3391",6,"Carlos Correa"
"3392",6,"Michael Brantley"
"3393",6,"Shin-Soo Choo"
"3394",6,"Wilmer Difo"
"3395",6,"Jake Noll"
"3396",6,"Zack Greinke"
"3397",6,"Dominic Smith"
"3398",6,"Hanser Alberto"
"3399",6,"Austin Romine"
"3400",6,"Tyler Wade"
"3401",6,"Clint Frazier"
"3402",6,"Matt Kemp"
"3403",6,"Mike Tauchman"
"3404",6,"Avisail Garcia"
"3405",6,"Jason Vargas"
"3406",6,"Jason Castro"
"3407",6,"Yandy Diaz"
"3408",6,"Derek Dietrich"
"3409",6,"Anthony Alford"
"3410",6,"Christian Arroyo"
"3411",6,"Kevin Kiermaier"
"3412",6,"Brock Holt"
"3413",6,"Guillermo Heredia"
"3414",6,"Anthony DeSclafani"
"3415",6,"Daniel Robertson"
"3416",6,"Tyler White"
"3417",6,"Andrew Knapp"
"3418",6,"David Freese"
"3419",6,"Justin Turner"
"3420",6,"Enrique Hernandez"
"3421",6,"Alex Verdugo"
"3422",6,"Austin Barnes"
"3423",6,"Scott Kingery"
"3424",6,"Freddy Peralta"
"3425",6,"Trevor Richards"
"3426",6,"Anibal Sanchez"
"3427",6,"Jon Lester"
"3428",6,"Alen Hanson"
"3429",6,"Luis Guillorme"
"3430",6,"Steve Pearce"
"3431",6,"Elvis Andrus"
"3432",6,"Isiah Kiner-Falefa"
"3433",6,"Logan Forsythe"
"3434",6,"Tyler Mahle"
"3435",6,"Pat Valaika"
"3436",6,"Tony Wolters"
"3437",6,"Mark Reynolds"
"3438",6,"Franchy Cordero"
"3439",6,"Tony Kemp"
"3440",6,"Robinson Chirinos"
"3441",6,"Josh Reddick"
"3442",6,"Eric Hosmer"
"3443",6,"Russell Martin"
"3444",6,"Ian Kinsler"
"3445",6,"Joc Pederson"
"3446",6,"Ehire Adrianza"
"3447",6,"Mitch Garver"
"3448",6,"Kevin Gausman"
"3449",6,"Jedd Gyorko"
"3450",6,"Alex Bregman"
"3451",6,"Jose Altuve"
"3452",6,"George Springer"
"3453",6,"Nick Pivetta"
"3454",6,"Jose Quintana"
"3455",6,"Pablo Lopez"
"3456",6,"Austin Hedges"
"3457",6,"David Bote"
"3458",6,"Hunter Pence"
"3459",6,"Josh Fuentes"
"3460",6,"Kevin Newman"
"3461",6,"Cole Hamels"
"3462",6,"Michael Wacha"
"3463",6,"Corey Seager"
"3464",6,"Jake Marisnick"
"3465",6,"Walker Buehler"
"3466",6,"Tom Murphy"
"3467",6,"Raimel Tapia"
"3468",6,"Howie Kendrick"
"3469",6,"Gio Urshela"
"3470",6,"Nick Williams"
"3471",6,"Alex Jackson"
"3472",6,"Socrates Brito"
"3473",6,"Yency Almonte"
"3474",6,"Zach Eflin"
"3475",6,"Sean Newcomb"
"3476",6,"Jose Berrios"
"3477",6,"Aledmys Diaz"
"3478",6,"Chad Bettis"
"3479",6,"Max Stassi"
"3480",6,"Jacob Stallings"
"3481",6,"Randy Rosario"
"3482",6,"Chad Sobotka"
"3483",6,"Luis Urias"
"3484",6,"Julio Teheran"
"3485",6,"Hyun-Jin Ryu"
"3486",6,"Dustin Pedroia"
"3487",6,"Michael Lorenzen"
"3488",6,"Travis d'Arnaud"
"3489",6,"Tyler Austin"
"3490",6,"Derek Holland"
"3491",6,"Kyle Gibson"
"3492",6,"Michael Perez"
"3493",6,"Jacob deGrom"
"3494",6,"Michael A. Taylor"
"3495",6,"Taylor Ward"
"3496",6,"Terrance Gore"
"3497",6,"Cam Gallagher"
"3498",6,"Jeremy Hellickson"
"3499",6,"Jack Flaherty"
"3500",6,"Yu Darvish"
"3501",6,"Rocky Gale"
"3502",6,"Matt Wieters"
"3503",6,"Caleb Joseph"
"3504",6,"Pablo Sandoval"
"3505",6,"Jeff Samardzija"
"3506",6,"Sonny Gray"
"3507",6,"Yonathan Daza"
"3508",6,"Charlie Culberson"
"3509",6,"Patrick Wisdom"
"3510",6,"Corbin Burnes"
"3511",6,"Trevor Williams"
"3512",6,"Kyle Wright"
"3513",6,"Phillip Ervin"
"3514",6,"Austin Dean"
"3515",6,"Touki Toussaint"
"3516",6,"Caleb Smith"
"3517",6,"Zach Davies"
"3518",6,"Kyle Higashioka"
"3519",6,"Madison Bumgarner"
"3520",6,"Danny Santana"
"3521",6,"Ronny Rodriguez"
"3522",6,"JaCoby Jones"
"3523",6,"Tim Locastro"
"3524",6,"Vince Velasquez"
"3525",6,"Ross Stripling"
"3526",6,"Jason Kipnis"
"3527",6,"Steve Cishek"
"3528",6,"Carlos Gonzalez"
"3529",6,"Drew Butera"
"3530",6,"Clayton Kershaw"
"3531",6,"Jerad Eickhoff"
"3532",6,"Eric Sogard"
"3533",6,"Jake Cave"
"3534",6,"Jon Gray"
"3535",6,"Giovanny Gallegos"
"3536",6,"Dereck Rodriguez"
"3537",6,"Nick Margevicius"
"3538",6,"Jake Arrieta"
"3539",6,"Roman Quinn"
"3540",6,"Phil Gosselin"
"3541",6,"Lane Thomas"
"3542",6,"Jose Pirela"
"3543",6,"Ryan Cordell"
"3544",6,"Nick Ciuffo"
"3545",6,"Taylor Clarke"
"3546",6,"Chris Flexen"
"3547",6,"Mike Ford"
"3548",6,"Eric Lauer"
"3549",6,"Joey Wendle"
"3550",6,"Bryan Reynolds"
"3551",6,"Jason Martin"
"3552",6,"Brandon Dixon"
"3553",6,"Todd Frazier"
"3554",6,"Nicky Delmonico"
"3555",6,"Michael Chavis"
"3556",6,"Stevie Wilkerson"
"3557",6,"Drew Anderson"
"3558",6,"Tyler Saladino"
"3559",6,"Tzu-Wei Lin"
"3560",6,"Thairo Estrada"
"3561",6,"Jeff Hoffman"
"3562",6,"Sandy Leon"
"3563",6,"Francisco Lindor"
"3564",6,"Mitch Walding"
"3565",6,"Jon Berti"
"3566",6,"Isaac Galloway"
"3567",6,"Sean Rodriguez"
"3568",6,"Tanner Roark"
"3569",6,"Cole Tucker"
"3570",6,"Luis Rengifo"
"3571",6,"Dylan Cozens"
"3572",6,"Vladimir Guerrero Jr."
"3573",6,"Chase Anderson"
"3574",6,"Carter Kieboom"
"3575",6,"Mike Freeman"
"3576",6,"Mike Foltynewicz"
"3577",6,"Kelvin Gutierrez"
"3578",6,"Cameron Maybin"
"3579",6,"Elias Diaz"
"3580",6,"Gregory Polanco"
"3581",6,"Austin Wynns"
"3582",6,"Erick Fedde"
"3583",6,"Nate Lowe"
"3584",6,"Harold Castro"
"3585",6,"Spencer Turnbull"
"3586",6,"Ty France"
"3587",6,"Robert Gsellman"
"3588",6,"Chris Paddack"
"3589",6,"German Marquez"
"3590",6,"Adrian Sanchez"
"3591",6,"Anthony Santander"
"3592",6,"Corey Kluber"
"3593",6,"Max Fried"
"3594",6,"Brandon Woodruff"
"3595",6,"Matt Strahm"
"3596",6,"Nick Senzel"
"3597",6,"Skye Bolt"
"3598",6,"Mike Gerber"
"3599",6,"Stephen Vogt"
"3600",6,"Adeiny Hechavarria"
"3601",6,"Taylor Williams"
"3602",6,"Taylor Davis"
"3603",6,"Gio Gonzalez"
"3604",6,"Josh VanMeter"
"3605",6,"Alex Dickerson"
"3606",6,"Jordan Lyles"
"3607",6,"Frankie Montas"
"3608",6,"Charlie Tilson"
"3609",6,"Matt Olson"
"3610",6,"Shohei Ohtani"
"3611",6,"Adrian Sampson"
"3612",6,"Stephen Strasburg"
"3613",6,"Tyler Lyons"
"3614",6,"Addison Russell"
"3615",6,"Kyle Hendricks"
"3616",6,"Mike Montgomery"
"3617",6,"Mac Williamson"
"3618",6,"Donovan Solano"
"3619",6,"Aramis Garcia"
"3620",6,"Braden Bishop"
"3621",6,"Rich Hill"
"3622",6,"Tyler Chatwood"
"3623",6,"Shed Long"
"3624",6,"Harold Ramirez"
"3625",6,"J.P. Crawford"
"3626",6,"Joey Lucchesi"
"3627",6,"Francisco Liriano"
"3628",6,"Antonio Senzatela"
"3629",6,"Jonathan Davis"
"3630",6,"Nicky Lopez"
"3631",6,"Anthony Bemboom"
"3632",6,"Andrew Velazquez"
"3633",6,"Trent Thornton"
"3634",6,"Charlie Morton"
"3635",6,"Jared Walsh"
"3636",6,"Keston Hiura"
"3637",6,"Austin Riley"
"3638",6,"Drew Gagnon"
"3639",6,"Aaron Hicks"
"3640",6,"Austin Allen"
"3641",6,"Wilmer Font"
"3642",6,"Dawel Lugo"
"3643",6,"Miguel Sano"
"3644",6,"Brendan Rodgers"
"3645",6,"Willie Calhoun"
"3646",6,"Cole Irvin"
"3647",6,"Carlos Gomez"
"3648",6,"Kyle Garlick"
"3649",6,"Joe Musgrove"
"3650",6,"Oscar Mercado"
"3651",6,"Luis Arraez"
"3652",6,"Mike Soroka"
"3653",6,"Andrew Suarez"
"3654",6,"Shaun Anderson"
"3655",6,"Jake Elmore"
"3656",6,"Clay Holmes"
"3657",6,"Matt Beaty"
"3658",6,"Nick Kingham"
"3659",6,"Eric Haase"
"3660",6,"Rajai Davis"
"3661",6,"Jacob Nottingham"
"3662",6,"Cavan Biggio"
"3663",6,"Josh Naylor"
"3664",6,"Kyle McGowin"
"3665",6,"Dustin Garneau"
"3666",6,"Bryan Holaday"
"3667",6,"Kevin Cron"
"3668",6,"Kyle Seager"
"3669",6,"Andrew Cashner"
"3670",6,"Javy Guerra"
"3671",6,"Jose Osuna"
"3672",6,"Kenta Maeda"
"3673",6,"Chris Archer"
"3674",6,"Jim Adduci"
"3675",6,"Alex McRae"
"3676",6,"Garrett Stubbs"
"3677",6,"Jack Mayfield"
"3678",6,"DJ Stewart"
"3679",6,"Lucas Sims"
"3680",6,"Cesar Puello"
"3681",6,"John Brebbia"
"3682",6,"Mike Yastrzemski"
"3683",6,"Will Smith"
"3684",6,"Archie Bradley"
"3685",6,"Cheslor Cuthbert"
"3686",6,"Derek Fisher"
"3687",6,"Marcus Stroman"
"3688",6,"Daniel Norris"
"3689",6,"Andrew Knizner"
"3690",6,"Matthew Boyd"
"3691",6,"Myles Straw"
"3692",6,"Adam Haseley"
"3693",6,"Genesis Cabrera"
"3694",6,"Reynaldo Lopez"
"3695",6,"Chance Sisco"
"3696",6,"Didi Gregorius"
"3697",6,"Rookie Davis"
"3698",6,"Marco Hernandez"
"3699",6,"Wilfredo Tovar"
"3700",6,"Tim Federowicz"
"3701",6,"Yordan Alvarez"
"3702",6,"Steven Brault"
"3703",6,"Luis Perdomo"
"3704",6,"Jordan Yamamoto"
"3705",6,"Mitch Keller"
"3706",6,"Jorge Bonifacio"
"3707",6,"Dario Agrazal"
"3708",6,"Yadiel Rivera"
"3709",6,"Jesus Tinoco"
"3710",6,"Peter Lambert"
"3711",6,"Justin Upton"
"3712",6,"Rangel Ravelo"
"3713",6,"Austin Nola"
"3714",6,"Tyler Beede"
"3715",6,"Elieser Hernandez"
"3716",6,"Wade Miley"
"3717",6,"Beau Taylor"
"3718",6,"Victor Reyes"
"3719",6,"Logan Allen"
"3720",6,"Joe Kelly"
"3721",6,"Jarlin Garcia"
"3722",6,"Tommy Edman"
"3723",6,"Humberto Arteaga"
"3724",6,"Dallas Keuchel"
"3725",6,"Zack Collins"
"3726",6,"Wilkin Castillo"
"3727",6,"Phil Maton"
"3728",6,"Domingo Leyba"
"3729",6,"Michael Brosseau"
"3730",6,"Bobby Bradley"
"3731",6,"Tyler Skaggs"
"3732",6,"Jon Jay"
"3733",6,"Bobby Wilson"
"3734",6,"Robbie Ray"
"3735",6,"Zac Gallen"
"3736",6,"Matt Carasiti"
"3737",6,"Alex Young"
"3738",6,"Edwin Rios"
"3739",6,"Scooter Gennett"
"3740",6,"Chris Mazza"
"3741",6,"Chi Chi Gonzalez"
"3742",6,NA
"3743",6,"Austin Slater"
"3744",6,"Franklin Barreto"
"3745",6,"Chris Herrmann"
"3746",6,"James Paxton"
"3747",6,NA
"3748",6,NA
"3749",6,"Austin Voth"
"3750",6,"Mauricio Dubon"
"3751",6,"Kevin Kramer"
"3752",6,"Jakob Junis"
